pap_ref,pap_ref
DOH0001,DOH0001
DOH0002,DOH0002
DOH0003,DOH0003
DOH0004,DOH0004
DOH0005,DOH0005
DOH0006,DOH0006
DOH0007,DOH0007
DOH0008,DOH0008
DOH0009,DOH0009
DOH0010,DOH0010
DOH0011,DOH0011
DOH0012,DOH0012
DOH0013,DOH0013
DOH0014,DOH0014
DOH0015,DOH0015
DOH0016,DOH0016
DOH0017,DOH0017
DOH0018,DOH0018
DOH0019,DOH0019
DOH0020,DOH0020
DOH0021,DOH0021
DOH0022,DOH0022
DOH0023,DOH0023
DOH0024,DOH0024
DOH0025,DOH0025
DOH0026,DOH0026
DOH0027,DOH0027
DOH0028,DOH0028
DOH0029,DOH0029
DOH0030,DOH0030
DOH0031,DOH0031
DOH0032,DOH0032
DOH0033,DOH0033
DOH0034,DOH0034
DOH0035,DOH0035
DOH0036,DOH0036
DOH0037,DOH0037
DOH0038,DOH0038
DOH0039,DOH0039
DOH0040,DOH0040
DOH0041,DOH0041
DOH0042,DOH0042
DOH0043,DOH0043
DOH0044,DOH0044
DOH0045,DOH0045
DOH0046,DOH0046
DOH0047,DOH0047
DOH0048,DOH0048
DOH0049,DOH0049
DOH0050,DOH0050
DOH0051,DOH0051
DOH0052,DOH0052
DOH0053,DOH0053
DOH0054,DOH0054
DOH0055,DOH0055
DOH0056,DOH0056
DOH0057,DOH0057
DOH0058,DOH0058
DOH0059,DOH0059
DOH0060,DOH0060
DOH0061,DOH0061
DOH0062,DOH0062
DOH0063,DOH0063
DOH0064,DOH0064
DOH0065,DOH0065
DOH0066,DOH0066
DOH0067,DOH0067
DOH0068,DOH0068
DOH0069,DOH0069
DOH0070,DOH0070
DOH0071,DOH0071
DOH0072,DOH0072
DOH0073,DOH0073
DOH0074,DOH0074
DOH0075,DOH0075
DOH0076,DOH0076
DOH0077,DOH0077
DOH0078,DOH0078
DOH0079,DOH0079
DOH0080,DOH0080
DOH0081,DOH0081
DOH0082,DOH0082
DOH0083,DOH0083
DOH0084,DOH0084
DOH0085,DOH0085
DOH0086,DOH0086
DOH0087,DOH0087
DOH0088,DOH0088
DOH0089,DOH0089
DOH0090,DOH0090
DOH0091,DOH0091
DOH0092,DOH0092
DOH0093,DOH0093
DOH0094,DOH0094
DOH0095,DOH0095
DOH0096,DOH0096
DOH0097,DOH0097
DOH0098,DOH0098
DOH0099,DOH0099
DOH0100,DOH0100
DOH0101,DOH0101
DOH0102,DOH0102
DOH0103,DOH0103
DOH0104,DOH0104
DOH0105,DOH0105
DOH0106,DOH0106
DOH0107,DOH0107
DOH0108,DOH0108
DOH0109,DOH0109
DOH0110,DOH0110
DOH0111,DOH0111
DOH0112,DOH0112
DOH0113,DOH0113
DOH0114,DOH0114
DOH0115,DOH0115
DOH0116,DOH0116
DOH0117,DOH0117
DOH0118,DOH0118
DOH0119,DOH0119
DOH0120,DOH0120
DOH0121,DOH0121
DOH0122,DOH0122
DOH0123,DOH0123
DOH0124,DOH0124
DOH0125,DOH0125
DOH0126,DOH0126
DOH0127,DOH0127
DOH0128,DOH0128
DOH0129,DOH0129
DOH0130,DOH0130
DOH0131,DOH0131
DOH0132,DOH0132
DOH0133,DOH0133
DOH0134,DOH0134
DOH0135,DOH0135
DOH0136,DOH0136
DOH0137,DOH0137
DOH0138,DOH0138
DOH0139,DOH0139
DOH0140,DOH0140
DOH0141,DOH0141
DOH0142,DOH0142
DOH0143,DOH0143
DOH0144,DOH0144
DOH0145,DOH0145
DOH0146,DOH0146
DOH0147,DOH0147
DOH0148,DOH0148
DOH0149,DOH0149
DOH0150,DOH0150
DOH0151,DOH0151
DOH0152,DOH0152
DOH0153,DOH0153
DOH0154,DOH0154
DOH0155,DOH0155
DOH0156,DOH0156
DOH0157,DOH0157
DOH0158,DOH0158
DOH0159,DOH0159
DOH0160,DOH0160
DOH0161,DOH0161
DOH0162,DOH0162
DOH0163,DOH0163
DOH0164,DOH0164
DOH0165,DOH0165
DOH0166,DOH0166
DOH0167,DOH0167
DOH0168,DOH0168
DOH0169,DOH0169
DOH0170,DOH0170
DOH0171,DOH0171
DOH0172,DOH0172
DOH0173,DOH0173
DOH0174,DOH0174
DOH0175,DOH0175
DOH0176,DOH0176
DOH0177,DOH0177
DOH0178,DOH0178
DOH0179,DOH0179
DOH0180,DOH0180
DOH0181,DOH0181
DOH0182,DOH0182
DOH0183,DOH0183
DOH0184,DOH0184
DOH0185,DOH0185
DOH0186,DOH0186
DOH0187,DOH0187
DOH0188,DOH0188
DOH0189,DOH0189
DOH0190,DOH0190
DOH0191,DOH0191
DOH0192,DOH0192
DOH0193,DOH0193
DOH0194,DOH0194
DOH0195,DOH0195
DOH0196,DOH0196
DOH0197,DOH0197
DOH0198,DOH0198
DOH0199,DOH0199
DOH0200,DOH0200
DOH0201,DOH0201
DOH0202,DOH0202
DOH0203,DOH0203
DOH0204,DOH0204
DOH0205,DOH0205
DOH0206,DOH0206
DOH0207,DOH0207
DOH0208,DOH0208
DOH0209,DOH0209
DOH0210,DOH0210
DOH0211,DOH0211
DOH0212,DOH0212
DOH0213,DOH0213
DOH0214,DOH0214
DOH0215,DOH0215
DOH0216,DOH0216
DOH0217,DOH0217
DOH0218,DOH0218
DOH0219,DOH0219
DOH0220,DOH0220
DOH0221,DOH0221
DOH0222,DOH0222
DOH0223,DOH0223
DOH0224,DOH0224
DOH0225,DOH0225
DOH0226,DOH0226
DOH0227,DOH0227
DOH0228,DOH0228
DOH0229,DOH0229
DOH0230,DOH0230
DOH0231,DOH0231
DOH0232,DOH0232
DOH0233,DOH0233
DOH0234,DOH0234
DOH0235,DOH0235
DOH0236,DOH0236
DOH0237,DOH0237
DOH0238,DOH0238
DOH0239,DOH0239
DOH0240,DOH0240
DOH0241,DOH0241
DOH0242,DOH0242
DOH0243,DOH0243
DOH0244,DOH0244
DOH0245,DOH0245
DOH0246,DOH0246
DOH0247,DOH0247
DOH0248,DOH0248
DOH0249,DOH0249
DOH0250,DOH0250
DOH0251,DOH0251
DOH0252,DOH0252
DOH0253,DOH0253
DOH0254,DOH0254
DOH0255,DOH0255
DOH0256,DOH0256
DOH0257,DOH0257
DOH0258,DOH0258
DOH0259,DOH0259
DOH0260,DOH0260
DOH0261,DOH0261
DOH0262,DOH0262
DOH0263,DOH0263
DOH0264,DOH0264
DOH0265,DOH0265
DOH0266,DOH0266
DOH0267,DOH0267
DOH0268,DOH0268
DOH0269,DOH0269
DOH0270,DOH0270
DOH0271,DOH0271
DOH0272,DOH0272
DOH0273,DOH0273
DOH0274,DOH0274
DOH0275,DOH0275
DOH0276,DOH0276
DOH0277,DOH0277
DOH0278,DOH0278
DOH0279,DOH0279
DOH0280,DOH0280
DOH0281,DOH0281
DOH0282,DOH0282
DOH0283,DOH0283
DOH0284,DOH0284
DOH0285,DOH0285
DOH0286,DOH0286
DOH0287,DOH0287
DOH0288,DOH0288
DOH0289,DOH0289
DOH0290,DOH0290
DOH0291,DOH0291
DOH0292,DOH0292
DOH0293,DOH0293
DOH0294,DOH0294
DOH0295,DOH0295
DOH0296,DOH0296
DOH0297,DOH0297
DOH0298,DOH0298
DOH0299,DOH0299
DOH0300,DOH0300
DOH0301,DOH0301
DOH0302,DOH0302
DOH0303,DOH0303
DOH0304,DOH0304
DOH0305,DOH0305
DOH0306,DOH0306
DOH0307,DOH0307
DOH0308,DOH0308
DOH0309,DOH0309
DOH0310,DOH0310
DOH0311,DOH0311
DOH0312,DOH0312
DOH0313,DOH0313
DOH0314,DOH0314
DOH0315,DOH0315
DOH0316,DOH0316
DOH0317,DOH0317
DOH0318,DOH0318
DOH0319,DOH0319
DOH0320,DOH0320
DOH0321,DOH0321
DOH0322,DOH0322
DOH0323,DOH0323
DOH0324,DOH0324
DOH0325,DOH0325
DOH0326,DOH0326
DOH0327,DOH0327
DOH0328,DOH0328
DOH0329,DOH0329
DOH0330,DOH0330
DOH0331,DOH0331
DOH0332,DOH0332
DOH0333,DOH0333
DOH0334,DOH0334
DOH0335,DOH0335
DOH0336,DOH0336
DOH0337,DOH0337
DOH0338,DOH0338
DOH0339,DOH0339
DOH0340,DOH0340
DOH0341,DOH0341
DOH0342,DOH0342
DOH0343,DOH0343
DOH0344,DOH0344
DOH0345,DOH0345
DOH0346,DOH0346
DOH0347,DOH0347
DOH0348,DOH0348
DOH0349,DOH0349
DOH0350,DOH0350
DOH0351,DOH0351
DOH0352,DOH0352
DOH0353,DOH0354
DOH0354,DOH0355
DOH0355,DOH0356
DOH0356,DOH0357
DOH0357,DOH0358
DOH0358,DOH0359
DOH0359,DOH0360
DOH0360,DOH0361
DOH0361,DOH0362
DOH0362,DOH0363
DOH0363,DOH0364
DOH0364,DOH0365
DOH0365,DOH0366
DOH0366,DOH0367
DOH0367,DOH0368
DOH0368,DOH0369
DOH0369,DOH0370
DOH0370,DOH0371
DOH0371,DOH0372
DOH0372,DOH0373
DOH0373,DOH0374
DOH0374,DOH0375
DOH0375,DOH0376
DOH0376,DOH0377
DOH0377,DOH0378
DOH0378,DOH0379
DOH0379,DOH0380
DOH0380,DOH0381
DOH0381,DOH0382
DOH0382,DOH0383
DOH0383,DOH0384
DOH0384,DOH0385
DOH0385,DOH0386
DOH0386,DOH0387
DOH0387,DOH0388
DOH0388,DOH0389
DOH0389,DOH0390
DOH0390,DOH0391
DOH0391,DOH0392
DOH0392,DOH0393
DOH0393,DOH0394
DOH0394,DOH0395
DOH0395,DOH0396
DOH0396,DOH0397
DOH0397,DOH0398
DOH0398,DOH0399
DOH0399,DOH0400
DOH0400,DOH0401
DOH0401,DOH0402
DOH0402,DOH0403
DOH0403,DOH0404
DOH0404,DOH0405
DOH0405,DOH0406
DOH0406,DOH0407
DOH0407,DOH0408
DOH0408,DOH0409
DOH0409,DOH0410
DOH0410,DOH0411
DOH0411,DOH0412
DOH0412,DOH0413
DOH0413,DOH0414
DOH0414,DOH0415
DOH0415,DOH0416
DOH0416,DOH0417
DOH0417,DOH0418
DOH0418,DOH0419
DOH0419,DOH0420
DOH0420,DOH0421
DOH0421,DOH0422
DOH0422,DOH0423
DOH0423,DOH0424
DOH0424,DOH0425
DOH0425,DOH0426
DOH0426,DOH0427
DOH0427,DOH0428
DOH0428,DOH0429
DOH0429,DOH0431
DOH0430,DOH0432
DOH0431,DOH0433
DOH0432,DOH0434
DOH0433,DOH0435
DOH0434,DOH0436
DOH0435,DOH0437
DOH0436,DOH0438
DOH0437,DOH0439
DOH0438,DOH0440
DOH0439,DOH0441
DOH0440,DOH0442
DOH0441,DOH0443
DOH0442,DOH0444
DOH0443,DOH0445
DOH0444,DOH0446
DOH0445,DOH0447
DOH0446,DOH0448
DOH0447,DOH0449
DOH0448,DOH0450
DOH0449,DOH0451
DOH0450,DOH0452
DOH0451,DOH0453
DOH0452,DOH0454
DOH0453,DOH0455
DOH0454,DOH0456
DOH0455,DOH0457
DOH0456,DOH0458
DOH0457,DOH0459
DOH0458,DOH0460
DOH0459,DOH0461
DOH0460,DOH0462
DOH0461,DOH0463
DOH0462,DOH0464
DOH0463,DOH0465
DOH0464,DOH0466
DOH0465,DOH0467
DOH0466,DOH0468
DOH0467,DOH0469
DOH0468,DOH0470
DOH0469,DOH0471
DOH0470,DOH0472
DOH0471,DOH0473
DOH0472,DOH0474
DOH0473,DOH0475
DOH0474,DOH0476
DOH0475,DOH0477
DOH0476,DOH0478
DOH0477,DOH0479
DOH0478,DOH0480
DOH0479,DOH0481
DOH0480,DOH0482
DOH0481,DOH0483
DOH0482,DOH0484
DOH0483,DOH0485
DOH0484,DOH0486
DOH0485,DOH0487
DOH0486,DOH0488
DOH0487,DOH0489
DOH0488,DOH0490
DOH0489,DOH0491
DOH0490,DOH0492
DOH0491,DOH0493
DOH0492,DOH0494
DOH0493,DOH0495
DOH0494,DOH0496
DOH0495,DOH0497
DOH0496,DOH0498
DOH0497,DOH0499
DOH0498,DOH0500
DOH0499,DOH0501
DOH0500,DOH0502
DOH0501,DOH0503
DOH0502,DOH0504
DOH0503,DOH0505
DOH0504,DOH0506
DOH0505,DOH0507
DOH0506,DOH0508
DOH0507,DOH0509
DOH0508,DOH0510
DOH0509,DOH0511
DOH0510,DOH0512
DOH0511,DOH0513
DOH0512,DOH0514
DOH0513,DOH0515
DOH0514,DOH0516
DOH0515,DOH0517
DOH0516,DOH0518
DOH0517,DOH0519
DOH0518,DOH0520
DOH0519,DOH0521
DOH0520,DOH0522
DOH0521,DOH0523
DOH0522,DOH0524
DOH0523,DOH0525
DOH0524,DOH0526
DOH0525,DOH0527
DOH0526,DOH0528
DOH0527,DOH0529
DOH0528,DOH0530
DOH0529,DOH0531
DOH0530,DOH0532
DOH0531,DOH0533
DOH0532,DOH0534
DOH0533,DOH0535
DOH0534,DOH0536
DOH0535,DOH0537
DOH0536,DOH0538
DOH0537,DOH0539
DOH0538,DOH0540
DOH0539,DOH0541
DOH0540,DOH0542
DOH0541,DOH0543
DOH0542,DOH0544
DOH0543,DOH0545
DOH0544,DOH0546
DOH0545,DOH0547
DOH0546,DOH0548
DOH0547,DOH0549
DOH0548,DOH0550
DOH0549,DOH0551
DOH0550,DOH0552
DOH0551,DOH0553
DOH0552,DOH0554
DOH0553,DOH0555
DOH0554,DOH0556
DOH0555,DOH0557
DOH0556,DOH0558
DOH0557,DOH0559
DOH0558,DOH0560
DOH0559,DOH0561
DOH0560,DOH0562
DOH0561,DOH0563
DOH0562,DOH0564
DOH0563,DOH0565
DOH0564,DOH0566
DOH0565,DOH0567
DOH0566,DOH0568
DOH0567,DOH0569
DOH0568,DOH0570
DOH0569,DOH0571
DOH0570,DOH0572
DOH0571,DOH0573
DOH0572,DOH0574
DOH0573,DOH0575
DOH0574,DOH0576
DOH0575,DOH0577
DOH0576,DOH0578
DOH0577,DOH0579
DOH0578,DOH0580
DOH0579,DOH0581
DOH0580,DOH0582
DOH0581,DOH0583
DOH0582,DOH0584
DOH0583,DOH0585
DOH0584,DOH0586
DOH0585,DOH0587
DOH0586,DOH0588
DOH0587,DOH0589
DOH0588,DOH0590
DOH0589,DOH0591
DOH0590,DOH0592
DOH0591,DOH0593
DOH0592,DOH0594
DOH0593,DOH0595
DOH0594,DOH0596
DOH0595,DOH0597
DOH0596,DOH0598
DOH0597,DOH0599
DOH0598,DOH0600
DOH0599,DOH0601
DOH0600,DOH0602
DOH0601,DOH0603
DOH0602,DOH0604
DOH0603,DOH0605
DOH0604,DOH0606
DOH0605,DOH0607
DOH0606,DOH0608
DOH0607,DOH0609
DOH0608,DOH0610
DOH0609,DOH0611
DOH0610,DOH0612
DOH0611,DOH0613
DOH0612,DOH0614
DOH0613,DOH0615
DOH0614,DOH0616
DOH0615,DOH0617
DOH0616,DOH0618
DOH0617,DOH0619
DOH0618,DOH0620
DOH0619,DOH0621
DOH0620,DOH0622
DOH0621,DOH0623
DOH0622,DOH0624
DOH0623,DOH0625
DOH0624,DOH0625
DOH0625,DOH0627
DOH0626,DOH0628
DOH0627,DOH0629
DOH0628,DOH0630
DOH0629,DOH0631
DOH0630,DOH0632
DOH0631,DOH0633
DOH0632,DOH0634
DOH0633,DOH0635
DOH0634,DOH0636
DOH0635,DOH0637
DOH0636,DOH0638
DOH0637,DOH0639
DOH0638,DOH0640
DOH0639,DOH0641
DOH0640,DOH0642
DOH0641,DOH0643
DOH0642,DOH0644
DOH0643,DOH0645
DOH0644,DOH0646
DOH0645,DOH0647
DOH0646,DOH0648
DOH0647,DOH0649
DOH0648,DOH0650
DOH0649,DOH0651
DOH0650,DOH0652
DOH0651,DOH0653
DOH0652,DOH0653
DOH0653,DOH0655
DOH0654,DOH0656
DOH0655,DOH0657
DOH0656,DOH0658
DOH0657,DOH0659
DOH0658,DOH0660
DOH0659,DOH0661
DOH0660,DOH0662
DOH0661,DOH0663
DOH0662,DOH0664
DOH0663,DOH0665
DOH0664,DOH0666
DOH0665,DOH0667
DOH0666,DOH0668
DOH0667,DOH0669
DOH0668,DOH0670
DOH0669,DOH0671
DOH0670,DOH0672
DOH0671,DOH0673
DOH0672,DOH0674
DOH0673,DOH0675
DOH0674,DOH0676
DOH0675,DOH0677
DOH0676,DOH0678
DOH0677,DOH0679
DOH0678,DOH0680
DOH0679,DOH0681
DOH0680,DOH0682
DOH0681,DOH0683
DOH0682,DOH0684
DOH0683,DOH0685
DOH0684,DOH0686
DOH0685,DOH0687
DOH0686,DOH0688
DOH0687,DOH0689
DOH0688,DOH0690
DOH0689,DOH0691
DOH0690,DOH0692
DOH0691,DOH0693
DOH0692,DOH0694
DOH0693,DOH0695
DOH0694,DOH0696
DOH0695,DOH0697
DOH0696,DOH0698
DOH0697,DOH0699
DOH0698,DOH0700
DOH0699,DOH0701
DOH0700,DOH0702
DOH0701,DOH0703
DOH0702,DOH0704
DOH0703,DOH0705
DOH0704,DOH0706
DOH0705,DOH0707
DOH0706,DOH0708
DOH0707,DOH0709
DOH0708,DOH0710
DOH0709,DOH0711
DOH0710,DOH0712
DOH0711,DOH0713
DOH0712,DOH0714
DOH0713,DOH0715
DOH0714,DOH0716
DOH0715,DOH0717
DOH0716,DOH0718
DOH0717,DOH0719
DOH0718,DOH0720
DOH0719,DOH0721
DOH0720,DOH0722
DOH0721,DOH0723
DOH0722,DOH0724
DOH0723,DOH0725
DOH0724,DOH0726
DOH0725,DOH0727
DOH0726,DOH0728
DOH0727,DOH0729
DOH0728,DOH0730
DOH0729,DOH0731
DOH0730,DOH0732
DOH0731,DOH0733
DOH0732,DOH0734
DOH0733,DOH0735
DOH0734,DOH0736
DOH0735,DOH0737
DOH0736,DOH0738
DOH0737,DOH0739
DOH0738,DOH0740
DOH0739,DOH0741
DOH0740,DOH0742
DOH0741,DOH0743
DOH0742,DOH0744
DOH0743,DOH0745
DOH0744,DOH0746
DOH0745,DOH0747
DOH0746,DOH0748
DOH0747,DOH0749
DOH0748,DOH0750
DOH0749,DOH0751
DOH0750,DOH0752
DOH0751,DOH0753
DOH0752,DOH0754
DOH0753,DOH0755
DOH0754,DOH0756
DOH0755,DOH0757
DOH0756,DOH0758
DOH0757,DOH0759
DOH0758,DOH0760
DOH0759,DOH0761
DOH0760,DOH0762
DOH0761,DOH0763
DOH0762,DOH0764
DOH0763,DOH0765
DOH0764,DOH0766
DOH0765,DOH0767
DOH0766,DOH0768
DOH0767,DOH0769
DOH0768,DOH0770
DOH0769,DOH0771
DOH0770,DOH0772
DOH0771,DOH0773
DOH0772,DOH0774
DOH0773,DOH0775
DOH0774,DOH0776
DOH0775,DOH0777
DOH0776,DOH0778
DOH0777,DOH0779
DOH0778,DOH0780
DOH0779,DOH0781
DOH0780,DOH0782
DOH0781,DOH0783
DOH0782,DOH0784
DOH0783,DOH0785
DOH0784,DOH0786
DOH0785,DOH0787
DOH0786,DOH0788
DOH0787,DOH0789
DOH0788,DOH0790
DOH0789,DOH0791
DOH0790,DOH0792
DOH0791,DOH0793
DOH0792,DOH0794
DOH0793,DOH0795
DOH0794,DOH0796
DOH0795,DOH0797
DOH0796,DOH0798
DOH0797,DOH0799
DOH0798,DOH0800
DOH0799,DOH0801
DOH0800,DOH0802
DOH0801,DOH0803
DOH0802,DOH0804
DOH0803,DOH0805
DOH0804,DOH0806
DOH0805,DOH0807
DOH0806,DOH0808
DOH0807,DOH0809
DOH0808,DOH0810
DOH0809,DOH0811
DOH0810,DOH0812
DOH0811,DOH0813
DOH0812,DOH0814
DOH0813,DOH0815
DOH0814,DOH0816
DOH0815,DOH0817
DOH0816,DOH0818
DOH0817,DOH0819
DOH0818,DOH0820
DOH0819,DOH0821
DOH0820,DOH0822
DOH0821,DOH0823
DOH0822,DOH0824
DOH0823,DOH0825
DOH0824,DOH0826
DOH0825,DOH0827
DOH0826,DOH0828
DOH0827,DOH0829
DOH0828,DOH0830
DOH0829,DOH0831
DOH0830,DOH0832
DOH0831,DOH0833
DOH0832,DOH0834
DOH0833,DOH0835
DOH0834,DOH0836
DOH0835,DOH0837
DOH0836,DOH0838
DOH0837,DOH0839
DOH0838,DOH0840
DOH0839,DOH0841
DOH0840,DOH0842
DOH0841,DOH0843
DOH0842,DOH0844
DOH0843,DOH0845
DOH0844,DOH0846
DOH0845,DOH0847
DOH0846,DOH0848
DOH0847,DOH0849
DOH0848,DOH0850
DOH0849,DOH0851
DOH0850,DOH0852
DOH0851,DOH0853
DOH0852,DOH0854
DOH0853,DOH0855
DOH0854,DOH0856
DOH0855,DOH0857
DOH0856,DOH0858
DOH0857,DOH0859
DOH0858,DOH0860
DOH0859,DOH0861
DOH0860,DOH0862
DOH0861,DOH0863
DOH0862,DOH0864
DOH0863,DOH0865
DOH0864,DOH0866
DOH0865,DOH0867
DOH0866,DOH0868
DOH0867,DOH0869
DOH0868,DOH0870
DOH0869,DOH0871
DOH0870,DOH0872
DOH0871,DOH0873
DOH0872,DOH0874
DOH0873,DOH0875
DOH0874,DOH0876
DOH0875,DOH0877
DOH0876,DOH0878
DOH0877,DOH0879
DOH0878,DOH0880
DOH0879,DOH0881
DOH0880,DOH0882
DOH0881,DOH0883
DOH0882,DOH0884
DOH0883,DOH0885
DOH0884,DOH0886
DOH0885,DOH0887
DOH0886,DOH0888
DOH0887,DOH0889
DOH0888,DOH0890
DOH0889,DOH0891
DOH0890,DOH0892
DOH0891,DOH0893
DOH0892,DOH0894
DOH0893,DOH0895
DOH0894,DOH0896
DOH0895,DOH0897
DOH0896,DOH0898
DOH0897,DOH0899
DOH0898,DOH0900
DOH0899,DOH0901
DOH0900,DOH0902
DOH0901,DOH0903
DOH0902,DOH0904
DOH0903,DOH0905
DOH0904,DOH0906
DOH0905,DOH0907
DOH0906,DOH0908
DOH0907,DOH0909
DOH0908,DOH0910
DOH0909,DOH0911
DOH0910,DOH0912
DOH0911,DOH0913
DOH0912,DOH0914
DOH0913,DOH0915
DOH0914,DOH0916
DOH0915,DOH0917
DOH0916,DOH0918
DOH0917,DOH0919
DOH0918,DOH0920
DOH0919,DOH0921
DOH0920,DOH0922
DOH0921,DOH0923
DOH0922,DOH0924
DOH0923,DOH0925
DOH0924,DOH0926
DOH0925,DOH0927
DOH0926,DOH0928
DOH0927,DOH0929
DOH0928,DOH0930
DOH0929,DOH0931
DOH0930,DOH0932
DOH0931,DOH0933
DOH0932,DOH0934
DOH0933,DOH0935
DOH0934,DOH0936
DOH0935,DOH0937
DOH0936,DOH0938
DOH0937,DOH0939
DOH0938,DOH0940
DOH0939,DOH0941
DOH0940,DOH0942
DOH0941,DOH0943
DOH0942,DOH0944
DOH0943,DOH0945
DOH0944,DOH0946
DOH0945,DOH0947
DOH0946,DOH0948
DOH0947,DOH0949
DOH0948,DOH0950
DOH0949,DOH0951
DOH0950,DOH0952
DOH0951,DOH0953
DOH0952,DOH0954
DOH0953,DOH0955
DOH0954,DOH0956
DOH0955,DOH0957
DOH0956,DOH0958
DOH0957,DOH0959
DOH0958,DOH0960
DOH0959,DOH0961
DOH0960,DOH0962
DOH0961,DOH0963
DOH0962,DOH0964
DOH0963,DOH0965
DOH0964,DOH0966
DOH0965,DOH0967
DOH0966,DOH0968
DOH0967,DOH0969
DOH0968,DOH0970
DOH0969,DOH0971
DOH0970,DOH0972
DOH0971,DOH0973
DOH0972,DOH0974
DOH0973,DOH0975
DOH0974,DOH0976
DOH0975,DOH0977
DOH0976,DOH0978
DOH0977,DOH0979
DOH0978,DOH0980
DOH0979,DOH0981
DOH0980,DOH0982
DOH0981,DOH0983
DOH0982,DOH0984
DOH0983,DOH0985
DOH0984,DOH0986
DOH0985,DOH0987
DOH0986,DOH0988
DOH0987,DOH0989
DOH0988,DOH0990
DOH0989,DOH0991
DOH0990,DOH0992
DOH0991,DOH0993
DOH0992,DOH0994
DOH0993,DOH0995
DOH0994,DOH0996
DOH0995,DOH0997
DOH0996,DOH0998
DOH0997,DOH0999
DOH0998,DOH1000
DOH0999,DOH1001
DOH1000,DOH1002
DOH1001,DOH1003
DOH1002,DOH1004
DOH1003,DOH1005
DOH1004,DOH1006
DOH1005,DOH1007
DOH1006,DOH1008
DOH1007,DOH1009
DOH1008,DOH1010
DOH1009,DOH1011
DOH1010,DOH1012
DOH1011,DOH1013
DOH1012,DOH1014
DOH1013,DOH1015
DOH1014,DOH1016
DOH1015,DOH1017
DOH1016,DOH1018
DOH1017,DOH1019
DOH1018,DOH1020
DOH1019,DOH1021
DOH1020,DOH1022
DOH1021,DOH1023
DOH1022,DOH1024
DOH1023,DOH1025
DOH1024,DOH1026
DOH1025,DOH1027
DOH1026,DOH1028
DOH1027,DOH1029
DOH1028,DOH1030
DOH1029,DOH1031
DOH1030,DOH1032
DOH1031,DOH1033
DOH1032,DOH1034
DOH1033,DOH1035
DOH1034,DOH1036
DOH1035,DOH1037
DOH1036,DOH1038
DOH1037,DOH1039
DOH1038,DOH1040
DOH1039,DOH1041
DOH1040,DOH1042
DOH1041,DOH1043
DOH1042,DOH1044
DOH1043,DOH1045
DOH1044,DOH1046
DOH1045,DOH1047
DOH1046,DOH1048
DOH1047,DOH1049
DOH1048,DOH1050
DOH1049,DOH1051
DOH1050,DOH1052
DOH1051,DOH1053
DOH1052,DOH1054
DOH1053,DOH1055
DOH1054,DOH1056
DOH1055,DOH1057
DOH1056,DOH1058
DOH1057,DOH1059
DOH1058,DOH1060
DOH1059,DOH1061
DOH1060,DOH1062
DOH1061,DOH1063
DOH1062,DOH1064
DOH1063,DOH1065
DOH1064,DOH1066
DOH1065,DOH1067
DOH1066,DOH1068
DOH1067,DOH1069
DOH1068,DOH1070
DOH1069,DOH1071
DOH1070,DOH1072
DOH1071,DOH1073
DOH1072,DOH1074
DOH1073,DOH1075
DOH1074,DOH1076
DOH1075,DOH1077
DOH1076,DOH1078
DOH1077,DOH1079
DOH1078,DOH1080
DOH1079,DOH1081
DOH1080,DOH1082
DOH1081,DOH1083
DOH1082,DOH1084
DOH1083,DOH1085
DOH1084,DOH1086
DOH1085,DOH1087
DOH1086,DOH1088
DOH1087,DOH1089
DOH1088,DOH1090
DOH1089,DOH1091
DOH1090,DOH1092
DOH1091,DOH1093
DOH1092,DOH1094
DOH1093,DOH1095
DOH1094,DOH1096
DOH1095,DOH1097
DOH1096,DOH1098
DOH1097,DOH1099
DOH1098,DOH1100
DOH1099,DOH1101
DOH1100,DOH1102
DOH1101,DOH1104
DOH1102,DOH1105
DOH1103,DOH1106
DOH1104,DOH1107
DOH1105,DOH1108
DOH1106,DOH1109
DOH1107,DOH1110
DOH1108,DOH1111
DOH1109,DOH1112
DOH1110,DOH1113
DOH1111,DOH1114
DOH1112,DOH1115
DOH1113,DOH1116
DOH1114,DOH1117
DOH1115,DOH1118
DOH1116,DOH1119
DOH1117,DOH1120
DOH1118,DOH1121
DOH1119,DOH1122
DOH1120,DOH1123
DOH1121,DOH1124
DOH1122,DOH1125
DOH1123,DOH1126
DOH1124,DOH1127
DOH1125,DOH1128
DOH1126,DOH1129
DOH1127,DOH1130
DOH1128,DOH1131
DOH1129,DOH1132
DOH1130,DOH1133
DOH1131,DOH1134
DOH1132,DOH1135
DOH1133,DOH1136
DOH1134,DOH1137
