ID,PAP Ref
8883,TOC001
8882,TOC002
8880,TOC003
8879,TOC004
8875,TOC005
8865,TOC006
8873,TOC007
8871,TOC008
8870,TOC009
8869,TOC010
8868,TOC011
8866,TOC012
8232,TOC013
9066,TOC014
9067,TOC015
9068,TOC016
8858,TOC017
8857,TOC018
8856,TOC019
8853,TOC020
8847,TOC021
8846,TOC022
8849,TOC023
8843,TOC024
8842,TOC025
8839,TOC026
8840,TOC027
8838,TOC028
8547,TOC029
8546,TOC030
8545,TOC031
8539,TOC032
8542,TOC033
8538,TOC034
8541,TOC035
8544,TOC036
8535,TOC037
8536,TOC038
8532,TOC039
8530,TOC040
8533,TOC041
8526,TOC042
8522,TOC043
8521,TOC044
8517,TOC045
8516,TOC046
8504,TOC047
8503,TOC048
8489,TOC049
9072,TOC050
8900,TOC051
8911,TOC052
8913,TOC053
8916,TOC054
8919,TOC055
8926,TOC056
9259,TOC057
8928,TOC058
8929,TOC059
8932,TOC060
8933,TOC061
8934,TOC062
8948,TOC063
8952,TOC064
8954,TOC065
8963,TOC066
8965,TOC067
8968,TOC068
8970,TOC069
8973,TOC070
9070,TOC071
8976,TOC072
8978,TOC073
9260,TOC074
8994,TOC075
8997,TOC076
8999,TOC077
9001,TOC078
9021,TOC079
9022,TOC080
9023,TOC081
9024,TOC082
9026,TOC083
9027,TOC084
9028,TOC085
9029,TOC086
9030,TOC087
9032,TOC088
9034,TOC089
9037,TOC090
9043,TOC091
9061,TOC092
9071,TOC093
9261,TOC094
9062,TOC095
9048,TOC096
9053,TOC097
9262,TOC098
9063,TOC099
9056,TOC100
9057,TOC101
9058,TOC102
9073,TOC103
9074,TOC104
9077,TOC105
9079,TOC106
9082,TOC107
9083,TOC108
9084,TOC109
9088,TOC110
9092,TOC111
9091,TOC112
9086,TOC113
9097,TOC114
9101,TOC115
9103,TOC116
9104,TOC117
9146,TOC118
9147,TOC119
9148,TOC120
9149,TOC121
9150,TOC122
9151,TOC123
9152,TOC124
9153,TOC125
9154,TOC126
9156,TOC127
9155,TOC128
9157,TOC129
9158,TOC130
9159,TOC131
9160,TOC132
8890,TOC133
8897,TOC134
8903,TOC135
8908,TOC136
