PAP ID,PAP Refs ,X Coord,Y Coord
15391,BUN0001,164360.030,66371.483
15394,BUN0002,164367.209,66426.261
15528,BUN0003,164372.589,66472.211
15401,BUN0004,164387.764,66497.196
15484,BUN0005,164405.781,66516.313
15404,BUN0006,164417.227,66532.634
15409,BUN0007,164434.166,66549.054
15412,BUN0008,164460.495,66579.231
15423,BUN0009,164486.466,66607.164
15417,BUN0010,164509.440,66635.098
15427,BUN0011,164541.561,66669.898
15438,BUN0012,164563.161,66694.597
15489,BUN0013,164584.863,66718.684
15448,BUN0014,164609.686,66746.927
15455,BUN0015,164644.916,66786.821
15459,BUN0016,164665.705,66810.730
15464,BUN0017,164687.617,66834.958
15531,BUN0018,164702.459,66853.566
15471,BUN0019,164749.693,66884.967
15475,BUN0020,164769.907,66891.895
15497,BUN0021,164797.037,66901.061
15501,BUN0022,164819.287,66909.394
15506,BUN0023,164842.929,66917.331
15512,BUN0024,164864.055,66924.920
15535,BUN0025,164881.871,66930.639
15540,BUN0026,164901.278,66937.947
15520,BUN0027,164914.003,66942.078
15546,BUN0028,164923.866,66945.891
15565,BUN0029,164936.841,66949.965
15552,BUN0030,164949.802,66954.346
15571,BUN0031,164983.147,66966.191
15577,BUN0032,165021.929,66979.767
15581,BUN0033,165043.718,66986.954
15555,BUN0034,165064.309,66993.942
15583,BUN0035,165093.789,67004.567
15584,BUN0036,165129.544,67017.114
15589,BUN0037,165161.434,67028.373
15622,BUN0038,165244.367,67057.052
15623,BUN0039,165265.034,67063.825
15629,BUN0040,165302.492,67080.273
15637,BUN0041,165330.169,67100.146
15638,BUN0042,165326.416,67102.874
15642,BUN0043,165392.797,67150.199
15644,BUN0044,165409.937,67164.930
15646,BUN0045,165442.823,67191.148
15654,BUN0046,165477.264,67215.586
15659,BUN0047,165487.251,67225.223
15663,BUN0048,165506.850,67238.404
15675,BUN0049,165516.257,67287.627
15680,BUN0050,165520.625,67346.013
15684,BUN0051,165523.419,67396.838
15686,BUN0052,165528.709,67459.076
15688,BUN0053,165532.225,67502.218
15689,BUN0054,165526.724,67549.080
15690,BUN0055,165515.980,67585.248
15691,BUN0056,165506.932,67618.026
15693,BUN0057,165498.312,67648.107
15694,BUN0058,165492.935,67672.824
15696,BUN0059,165488.634,67686.795
15697,BUN0060,165485.050,67700.765
15700,BUN0061,165479.673,67721.542
15701,BUN0062,165470.051,67754.165
15703,BUN0063,165465.087,67765.213
15704,BUN0064,165443.795,67849.555
15706,BUN0065,165435.759,67880.216
15707,BUN0066,165425.533,67901.387
15708,BUN0067,165430.281,67904.672
15711,BUN0068,165398.164,68026.454
15712,BUN0069,165380.239,68083.054
15632,BUN0070,165366.056,68136.609
15715,BUN0071,165319.935,68221.112
15716,BUN0072,165288.025,68233.244
15722,BUN0073,165273.173,68238.810
15728,BUN0074,165253.493,68247.344
15732,BUN0075,165236.954,68254.799
15737,BUN0076,165221.658,68260.019
15739,BUN0077,165203.006,68266.357
15750,BUN0078,165176.024,68278.661
15754,BUN0079,165143.715,68292.177
15768,BUN0080,165112.908,68304.943
15757,BUN0081,165097.880,68323.716
15760,BUN0082,165079.847,68344.366
15765,BUN0083,165062.565,68361.261
15746,BUN0084,165042.852,68385.950
15770,BUN0085,165028.509,68401.039
15773,BUN0086,164981.326,68454.228
15776,BUN0087,164931.082,68510.838
15778,BUN0088,164908.024,68534.488
16144,BUN0089,164896.495,68547.829
15301,BUN0090,164876.471,68570.872
15304,BUN0091,164845.525,68604.830
15307,BUN0092,164837.637,68615.746
15309,BUN0093,164826.108,68629.087
15310,BUN0094,164809.222,68645.597
15313,BUN0095,164792.838,68662.352
15314,BUN0096,164760.832,68699.289
15317,BUN0097,164690.024,68779.735
15318,BUN0098,164654.422,68819.523
15319,BUN0099,164634.644,68841.795
15327,BUN0100,164628.577,68850.526
15323,BUN0101,164616.930,68861.196
15326,BUN0102,164595.829,68884.113
15330,BUN0103,164576.371,68905.504
15331,BUN0104,164551.464,68917.950
15332,BUN0105,164540.956,68931.173
15333,BUN0106,164532.783,68931.173
15335,BUN0107,164506.709,68953.731
15339,BUN0108,164468.506,68981.383
15337,BUN0109,164417.713,69017.105
15340,BUN0110,164355.812,69063.737
15342,BUN0111,164316.002,69092.187
15344,BUN0112,164299.819,69102.837
15345,BUN0113,164296.267,69109.148
15347,BUN0114,164290.741,69109.148
15348,BUN0115,164281.108,69119.434
15350,BUN0116,164268.848,69134.936
15351,BUN0117,164256.589,69148.438
15353,BUN0118,164246.081,69159.689
15354,BUN0119,164229.819,69178.192
15355,BUN0120,164216.940,69193.430
15357,BUN0121,164210.118,69202.653
15358,BUN0122,164198.482,69215.885
15359,BUN0123,164171.599,69245.960
15360,BUN0124,164140.821,69280.300
15362,BUN0125,164129.533,69293.192
15395,BUN0126,164082.769,69347.984
15420,BUN0127,164028.346,69409.222
15418,BUN0128,164017.717,69444.933
15397,BUN0129,164012.822,69465.723
15398,BUN0130,164005.072,69494.666
15403,BUN0131,164000.993,69514.233
15405,BUN0132,163994.512,69538.279
15408,BUN0133,163992.216,69546.196
15410,BUN0134,163988.870,69559.570
15415,BUN0135,163984.238,69575.772
15411,BUN0136,163982.437,69584.774
15422,BUN0137,163978.674,69601.147
15424,BUN0138,163976.325,69611.841
15429,BUN0139,163973.976,69618.883
15433,BUN0140,163968.234,69642.098
15436,BUN0141,163958.773,69679.382
15440,BUN0142,163952.479,69709.572
15442,BUN0143,163944.508,69737.665
15443,BUN0144,163937.572,69766.319
15446,BUN0145,163936.160,69820.485
15449,BUN0146,163938.277,69849.690
15450,BUN0147,163939.124,69872.123
15457,BUN0148,163942.513,69903.868
15463,BUN0149,163945.557,69942.037
15470,BUN0150,163948.990,69980.793
15474,BUN0151,163951.983,70034.201
15478,BUN0152,163953.693,70060.691
15481,BUN0153,163955.831,70088.463
15485,BUN0154,163957.381,70107.532
15490,BUN0155,163958.462,70123.743
15493,BUN0156,163957.110,70138.064
15498,BUN0157,163955.218,70157.248
15503,BUN0158,163948.144,70215.740
15507,BUN0159,163940.594,70241.424
15523,BUN0160,163944.442,70245.819
15513,BUN0161,163937.845,70272.737
15521,BUN0162,163936.196,70310.368
15527,BUN0163,163930.969,70357.302
15529,BUN0164,163930.416,70367.537
15534,BUN0165,163920.728,70384.410
15538,BUN0166,163908.272,70400.178
15539,BUN0167,163907.719,70406.540
15545,BUN0168,163887.694,70449.392
15558,BUN0169,163871.564,70479.706
15561,BUN0170,163866.511,70491.489
15566,BUN0171,163857.528,70508.602
15574,BUN0172,163845.870,70531.284
15576,BUN0173,163832.934,70555.867
15594,BUN0174,163809.490,70599.489
15597,BUN0175,163777.995,70662.199
15598,BUN0176,163769.235,70672.919
15601,BUN0177,163773.883,70696.682
15604,BUN0178,163777.067,70723.231
15606,BUN0179,163781.091,70743.624
15611,BUN0180,163787.413,70778.377
15081,BUN0181,163793.050,70813.841
15084,BUN0182,163794.440,70839.295
15088,BUN0183,163802.312,70879.096
15091,BUN0184,163801.849,70891.592
15095,BUN0185,163802.312,70903.624
15097,BUN0186,163801.849,70914.269
15144,BUN0187,163802.312,70934.632
15158,BUN0188,163803.238,70963.326
15161,BUN0189,163804.757,70990.003
15164,BUN0190,163699.836,71598.437
15166,BUN0191,163712.421,71618.879
15514,BUN0192,163724.062,71637.433
15171,BUN0193,163741.681,71666.995
15174,BUN0194,163753.322,71683.348
15178,BUN0195,163771.569,71714.797
15181,BUN0196,163821.938,71796.856
15213,BUN0197,163855.735,71851.161
15216,BUN0198,163874.450,71882.731
15220,BUN0199,163884.598,71898.579
15225,BUN0200,163891.891,71909.673
15241,BUN0201,163903.624,71930.594
15261,BUN0202,163911.869,71944.224
15265,BUN0203,163920.114,71956.586
15298,BUN0204,163925.188,71965.778
15302,BUN0205,163934.067,71978.774
15306,BUN0206,163942.628,71993.671
15311,BUN0207,163955.259,72014.117
15325,BUN0208,163975.953,72047.531
15456,BUN0209,164001.740,72089.218
15466,BUN0210,164025.897,72128.201
15473,BUN0211,164053.658,72169.824
15482,BUN0212,164112.445,72269.395
15488,BUN0213,164165.775,72360.366
15508,BUN0214,164215.498,72446.627
15542,BUN0215,164251.651,72509.172
15551,BUN0216,164265.224,72531.610
15554,BUN0217,164275.665,72553.004
15563,BUN0218,164291.848,72578.573
15568,BUN0219,164312.729,72611.969
15575,BUN0220,164329.434,72641.713
15592,BUN0221,164347.936,72677.739
15617,BUN0222,164363.135,72699.218
15620,BUN0223,164375.189,72728.031
15628,BUN0224,164391.436,72750.558
15634,BUN0225,164400.417,72778.422
15650,BUN0226,164407.159,72808.744
15653,BUN0227,164415.585,72853.385
15661,BUN0228,164420.641,72880.338
15671,BUN0229,164430.752,72924.137
15893,BUN0230,164438.269,72966.693
15904,BUN0231,164448.326,73012.722
15908,BUN0232,164454.079,73039.810
15943,BUN0233,164457.813,73062.206
15913,BUN0234,164462.081,73084.069
15927,BUN0235,164470.083,73120.863
15938,BUN0236,164478.618,73167.255
15934,BUN0237,164510.014,73319.853
15944,BUN0238,164549.680,73376.332
15955,BUN0239,164563.681,73395.841
15970,BUN0240,164578.107,73416.198
15973,BUN0241,164596.279,73441.108
15974,BUN0242,164617.683,73472.011
15978,BUN0243,164635.537,73496.611
15981,BUN0244,164655.708,73525.491
15984,BUN0245,164697.139,73585.978
15987,BUN0246,164713.494,73607.775
15990,BUN0247,164755.520,73668.050
15999,BUN0248,164783.980,73708.533
16008,BUN0249,164812.440,73748.470
16011,BUN0250,164834.332,73802.083
16016,BUN0251,165111.486,74318.342
16014,BUN0252,165152.387,74366.409
16018,BUN0253,166289.144,74681.477
16021,BUN0254,166300.714,74671.314
16022,BUN0255,166324.906,74648.183
16024,BUN0256,166351.914,74623.791
16163,BUN0257,166369.902,74607.222
16025,BUN0258,166390.710,74587.832
16028,BUN0259,166413.635,74565.974
16029,BUN0260,166436.560,74545.174
16031,BUN0261,166471.637,74510.247
16039,BUN0262,166530.495,74448.585
16042,BUN0263,166581.200,74396.386
16043,BUN0264,166598.848,74377.038
16055,BUN0265,166610.803,74365.088
16049,BUN0266,166687.657,74284.282
16057,BUN0267,166763.671,74209.711
16059,BUN0268,166763.671,74199.683
16063,BUN0269,166774.061,74198.251
16068,BUN0270,166783.735,74180.343
16065,BUN0271,166792.334,74177.120
16071,BUN0272,166816.594,74150.591
16073,BUN0273,166875.433,74088.408
15017,BUN0274,166903.029,74059.674
15019,BUN0275,166928.901,74032.089
15022,BUN0276,166949.590,74014.339
15023,BUN0277,166974.557,74026.636
15026,BUN0278,167025.079,74051.281
15033,BUN0279,167082.654,74078.125
15036,BUN0280,167135.490,74102.501
15037,BUN0281,167222.002,74129.198
15040,BUN0282,167261.928,74138.320
15041,BUN0283,167303.314,74148.225
15042,BUN0284,167320.219,74151.138
15043,BUN0285,167452.913,74159.559
15045,BUN0286,167507.193,74157.800
15046,BUN0287,167577.489,74156.094
15047,BUN0288,167623.757,74154.477
15048,BUN0289,167649.742,74154.009
15049,BUN0290,167673.185,74153.411
15050,BUN0291,167703.928,74152.409
15051,BUN0292,167737.256,74151.441
15053,BUN0293,167778.865,74150.496
15055,BUN0294,167844.832,74138.577
15056,BUN0295,167869.869,74122.651
15059,BUN0296,167902.114,74102.174
15062,BUN0297,167933.601,74082.077
15065,BUN0298,167972.063,74057.949
15103,BUN0299,168006.760,74037.261
15107,BUN0300,168051.806,74006.838
15125,BUN0301,168106.447,73974.343
15149,BUN0302,168140.059,73951.741
15128,BUN0303,168191.393,73921.197
15131,BUN0304,168228.061,73895.541
15132,BUN0305,168255.562,73879.658
15133,BUN0306,168268.395,73870.495
15150,BUN0307,168281.840,73861.943
15135,BUN0308,168320.311,73839.171
15137,BUN0309,168383.525,73817.721
15139,BUN0310,168427.874,73822.647
15141,BUN0311,168484.542,73826.957
15143,BUN0312,168517.804,73831.267
15146,BUN0313,168579.855,73840.920
15155,BUN0314,168694.977,73883.700
15159,BUN0315,168728.058,73895.760
15163,BUN0316,168809.889,73926.383
15169,BUN0317,168867.338,73928.100
15168,BUN0318,168951.354,73922.882
15172,BUN0319,169071.706,73914.599
15175,BUN0320,169145.533,73927.613
15177,BUN0321,169196.544,73962.933
15180,BUN0322,169248.146,73998.338
15183,BUN0323,169289.672,74013.505
15185,BUN0324,169308.991,74018.014
15191,BUN0325,169341.408,74026.806
15193,BUN0326,169368.931,74033.703
15196,BUN0327,169385.615,74037.998
15199,BUN0328,169399.519,74041.283
15201,BUN0329,169425.303,74048.358
15203,BUN0330,169458.295,74057.183
15205,BUN0331,169487.848,74064.871
15206,BUN0332,169508.899,74070.537
15207,BUN0333,169531.974,74076.202
15210,BUN0334,169577.107,74085.274
15214,BUN0335,169629.536,74092.587
15218,BUN0336,169660.831,74097.462
15223,BUN0337,169700.255,74103.556
15226,BUN0338,169799.929,74117.157
15228,BUN0339,169921.558,74113.151
15232,BUN0340,169979.131,74092.717
15233,BUN0341,169979.131,74085.977
15235,BUN0342,170039.670,74066.950
15253,BUN0343,170054.651,74059.879
15238,BUN0344,170091.272,74044.904
15239,BUN0345,170142.875,74025.353
15248,BUN0346,170181.531,74010.046
15276,BUN0347,170205.675,73999.554
15243,BUN0348,170252.225,73980.993
15244,BUN0349,170296.203,73963.431
15246,BUN0350,170308.836,73959.222
15279,BUN0351,170334.944,73947.857
15252,BUN0352,170359.480,73938.470
16184,BUN0353,170382.711,73928.707
15255,BUN0354,170438.150,73906.769
15256,BUN0355,170493.561,73884.554
15260,BUN0356,170519.053,73874.998
15262,BUN0357,170552.778,73860.930
15266,BUN0358,170602.480,73841.205
15269,BUN0359,170634.000,73828.922
15270,BUN0360,170659.377,73818.776
15274,BUN0361,170680.212,73810.232
15286,BUN0362,170689.405,73806.637
15283,BUN0363,170702.052,73805.584
15289,BUN0364,171231.677,73881.160
15292,BUN0365,171268.737,73880.819
15293,BUN0366,171302.050,73880.813
15294,BUN0367,171353.196,73880.540
15295,BUN0368,171381.039,73880.744
15297,BUN0369,171401.632,73883.214
15300,BUN0370,171448.764,73931.584
15303,BUN0371,171516.426,73998.029
15305,BUN0372,171518.657,74004.721
15652,BUN0373,171580.843,74064.930
15655,BUN0374,171620.103,74102.838
15657,BUN0375,171642.572,74127.543
15660,BUN0376,171669.983,74154.045
15664,BUN0377,171694.699,74179.250
15666,BUN0378,171719.512,74195.935
15667,BUN0379,171754.701,74218.483
15672,BUN0380,171786.571,74243.484
15677,BUN0381,171802.475,74250.528
15685,BUN0382,171822.144,74268.479
15683,BUN0383,171829.555,74268.479
15725,BUN0384,171847.659,74281.334
15730,BUN0385,171878.068,74301.948
15734,BUN0386,171900.191,74320.041
15733,BUN0387,171901.340,74316.020
15738,BUN0388,171956.402,74354.625
15742,BUN0389,171987.395,74376.167
15745,BUN0390,172024.423,74400.225
15749,BUN0391,172052.512,74420.149
15755,BUN0392,172098.427,74450.551
15758,BUN0393,172127.183,74469.804
15762,BUN0394,172158.624,74491.381
15763,BUN0395,172202.266,74520.933
15764,BUN0396,172263.001,74560.234
15767,BUN0397,172261.229,74563.776
15769,BUN0398,172317.891,74598.227
15772,BUN0399,172351.605,74621.011
15774,BUN0400,172385.795,74644.268
15775,BUN0401,172522.799,74689.013
15777,BUN0402,172627.352,74717.231
15779,BUN0403,172698.048,74737.774
15780,BUN0404,172732.163,74746.900
15781,BUN0405,172771.083,74756.986
15782,BUN0406,172810.368,74771.447
15783,BUN0407,172813.263,74767.107
15784,BUN0408,172856.196,74781.573
15786,BUN0409,172883.210,74785.431
15785,BUN0410,172880.798,74791.217
15787,BUN0411,172904.435,74794.110
15788,BUN0412,172933.861,74801.825
15789,BUN0413,172966.181,74811.951
15790,BUN0414,173033.245,74831.056
15791,BUN0415,173086.201,74844.697
15792,BUN0416,173094.467,74847.613
15793,BUN0417,173125.098,74856.361
15795,BUN0418,173179.067,74872.399
15794,BUN0419,173205.191,74880.143
15797,BUN0420,173232.731,74885.955
15838,BUN0421,173246.502,74913.789
15843,BUN0422,173278.300,74968.860
15840,BUN0423,173385.026,75155.161
15844,BUN0424,173371.588,75284.650
15853,BUN0425,173364.894,75348.201
15855,BUN0426,173359.663,75403.047
15857,BUN0427,173353.992,75454.370
15860,BUN0428,173352.089,75467.680
15861,BUN0429,173350.504,75486.695
15863,BUN0430,173353.992,75509.195
15865,BUN0431,173367.442,75549.433
15867,BUN0432,173372.040,75563.222
15869,BUN0433,173383.006,75599.758
15916,BUN0434,173380.995,75653.232
15917,BUN0435,173380.217,75681.030
15923,BUN0436,173378.926,75708.771
15870,BUN0437,173371.760,75887.198
15871,BUN0438,173348.796,75917.979
15873,BUN0439,173254.619,76045.458
15883,BUN0440,173246.011,76064.321
15878,BUN0441,173228.795,76094.437
15882,BUN0442,173200.984,76146.396
15884,BUN0443,173193.814,76187.295
15849,BUN0444,173187.587,76492.589
15851,BUN0445,173095.384,76635.377
15887,BUN0446,173041.881,76825.592
15888,BUN0447,173045.957,76874.484
15890,BUN0448,173049.014,76919.302
15894,BUN0449,173053.677,76943.343
15895,BUN0450,173053.335,76962.165
15898,BUN0451,173056.416,77001.862
15900,BUN0452,173061.090,77059.068
15907,BUN0453,173065.559,77112.320
15935,BUN0454,173067.296,77142.425
15929,BUN0455,173070.287,77168.822
15937,BUN0456,173072.238,77197.636
15942,BUN0457,173075.723,77244.552
15947,BUN0458,173081.838,77314.008
15950,BUN0459,173058.112,77397.358
15954,BUN0460,173040.936,77443.260
15958,BUN0461,173038.131,77455.173
15959,BUN0462,173028.316,77481.804
15962,BUN0463,173021.305,77498.272
15964,BUN0464,173014.645,77518.245
15968,BUN0465,173003.094,77547.179
15976,BUN0466,172993.512,77575.911
16140,BUN0467,172983.931,77597.882
16139,BUN0468,172956.309,77692.453
16134,BUN0469,172935.204,77794.659
16132,BUN0470,172937.449,77816.881
16128,BUN0471,172939.695,77836.410
16126,BUN0472,172942.068,77852.098
16123,BUN0473,172944.098,77870.126
16120,BUN0474,172949.029,77917.269
16112,BUN0475,172960.573,77962.518
16118,BUN0476,172968.309,77991.569
16115,BUN0477,172974.483,78017.345
16113,BUN0478,172978.478,78035.134
16110,BUN0479,172993.780,78095.337
16109,BUN0480,172754.655,79099.886
16106,BUN0481,172723.969,79126.326
16104,BUN0482,172689.403,79156.643
16102,BUN0483,172587.085,79245.979
16099,BUN0484,172546.135,79281.694
16097,BUN0485,172510.219,79314.002
16096,BUN0486,172491.902,79328.361
16094,BUN0487,172479.332,79340.207
16093,BUN0488,172463.170,79353.130
16092,BUN0489,172427.052,79387.012
16087,BUN0490,172354.374,79560.770
16085,BUN0491,172314.973,79654.034
16083,BUN0492,172223.664,79702.059
16081,BUN0493,172182.016,79723.713
16079,BUN0494,172160.668,79734.619
16078,BUN0495,172145.488,79775.158
16077,BUN0496,172132.384,79812.986
16076,BUN0497,172120.214,79846.138
16075,BUN0498,172098.356,79906.954
16074,BUN0499,172078.594,79961.934
16072,BUN0500,172068.657,79988.345
16070,BUN0501,172060.370,80011.487
16069,BUN0502,172054.033,80030.731
16067,BUN0503,172046.690,80049.802
16066,BUN0504,172035.869,80070.696
16061,BUN0505,172040.296,80074.137
16060,BUN0506,172023.322,80114.621
16053,BUN0507,172014.224,80140.319
16052,BUN0508,172008.945,80154.432
16050,BUN0509,172007.456,80160.634
16048,BUN0510,172004.230,80168.571
16046,BUN0511,171999.515,80182.214
16044,BUN0512,171995.217,80193.631
16040,BUN0513,171994.381,80210.995
16037,BUN0514,171991.356,80264.203
16187,BUN0515,171990.699,80305.205
16019,BUN0516,171989.326,80336.969
16013,BUN0517,171988.047,80362.408
15925,BUN0518,171985.502,80421.810
16009,BUN0519,171983.812,80455.024
16002,BUN0520,171982.977,80478.817
16004,BUN0521,171981.306,80518.891
15998,BUN0522,171979.532,80590.392
15997,BUN0523,171978.975,80637.555
15994,BUN0524,171980.654,80660.202
15993,BUN0525,171981.185,80688.119
15992,BUN0526,171982.765,80714.083
15989,BUN0527,171981.154,80736.352
15980,BUN0528,171984.644,80748.962
15975,BUN0529,171980.392,80780.851
15948,BUN0530,171984.726,80780.039
15952,BUN0531,171980.121,80799.532
15971,BUN0532,171970.641,80829.584
15920,BUN0533,171961.367,80862.852
15915,BUN0534,171956.607,80882.443
16170,BUN0535,171949.326,80910.990
16183,BUN0536,171998.331,80991.694
16167,BUN0537,172058.948,81055.872
15881,BUN0538,172079.392,81110.123
15877,BUN0539,172081.665,81150.550
15832,BUN0540,172084.250,81162.654
15825,BUN0541,172084.250,81189.810
15824,BUN0542,172088.058,81235.752
15823,BUN0543,172089.529,81278.384
15821,BUN0544,172094.518,81337.573
15820,BUN0545,172098.248,81409.516
15819,BUN0546,172100.817,81450.103
15818,BUN0547,172105.032,81488.960
15817,BUN0548,172107.843,81553.098
15816,BUN0549,172113.409,81617.650
15815,BUN0550,172115.167,81656.146
15814,BUN0551,172100.798,81685.988
15822,BUN0552,172094.454,81701.655
15813,BUN0553,172072.415,81749.863
15811,BUN0554,172041.176,81818.427
15810,BUN0555,172013.604,81880.681
15809,BUN0556,172005.894,81895.477
15808,BUN0557,171999.109,81912.739
15807,BUN0558,171983.412,81944.358
15806,BUN0559,171969.980,81974.565
15805,BUN0560,171964.901,82020.913
15673,BUN0561,171942.000,82219.989
15676,BUN0562,171715.096,82547.121
15681,BUN0563,171701.858,82566.664
15687,BUN0564,171679.861,82598.420
15695,BUN0565,171660.138,82631.610
15699,BUN0566,171638.142,82670.869
15709,BUN0567,171605.671,82732.114
15719,BUN0568,171587.625,82766.692
15721,BUN0569,171549.961,82835.136
15724,BUN0570,171556.223,82908.212
15729,BUN0571,171561.506,82975.553
15740,BUN0572,171564.355,83004.555
15731,BUN0573,171564.782,83010.964
15735,BUN0574,171565.424,83015.451
15736,BUN0575,171567.134,83031.687
15744,BUN0576,171572.179,83092.784
15751,BUN0577,171614.464,83190.545
15753,BUN0578,171629.035,83216.551
15756,BUN0579,171652.213,83249.321
15759,BUN0580,171674.899,83283.508
15766,BUN0581,171714.966,83342.252
15771,BUN0582,171767.987,83420.554
15796,BUN0583,171709.329,83545.291
15798,BUN0584,171589.454,83634.273
15799,BUN0585,171575.320,83695.458
15802,BUN0586,171563.613,83747.498
15803,BUN0587,171554.372,83785.549
15804,BUN0588,171573.962,83841.332
15621,BUN0589,171593.370,83896.825
15624,BUN0590,171617.336,83956.720
15625,BUN0591,171666.784,84010.669
15627,BUN0592,171705.861,84059.014
15630,BUN0593,171716.603,84086.547
15633,BUN0594,171718.722,84106.963
15635,BUN0595,171720.110,84122.386
15641,BUN0596,171717.162,84133.725
15640,BUN0597,171722.516,84133.968
15647,BUN0598,171722.273,84146.130
15519,BUN0599,171728.699,84209.077
15543,BUN0600,171731.903,84245.750
15550,BUN0601,171728.924,84263.473
15557,BUN0602,171733.021,84260.450
15567,BUN0603,171734.644,84277.625
15570,BUN0604,171747.963,84296.832
15578,BUN0605,171775.343,84307.449
15588,BUN0606,171801.449,84317.456
15591,BUN0607,171819.138,84324.434
15615,BUN0608,171831.472,84328.799
15458,BUN0609,171850.971,84336.208
15389,BUN0610,171878.218,84347.068
15426,BUN0611,171906.591,84357.816
15399,BUN0612,171972.425,84383.505
15432,BUN0613,172063.571,84418.696
15441,BUN0614,172104.289,84434.867
15444,BUN0615,172134.221,84445.918
15451,BUN0616,172159.033,84455.799
15505,BUN0617,172175.632,84462.055
15465,BUN0618,172198.761,84470.758
15468,BUN0619,172216.448,84478.101
15487,BUN0620,172338.386,84525.289
15495,BUN0621,172429.375,84560.604
15341,BUN0622,172449.761,84571.916
15338,BUN0623,172475.605,84578.109
15334,BUN0624,172496.893,84586.194
15343,BUN0625,172524.872,84596.499
15366,BUN0626,172542.006,84603.920
15367,BUN0627,172571.420,84615.052
15365,BUN0628,172589.990,84623.044
15352,BUN0629,172625.586,84636.055
15364,BUN0630,172654.506,84647.882
15363,BUN0631,172667.773,84652.719
15371,BUN0632,172694.080,84662.945
15368,BUN0633,172703.442,84669.963
15369,BUN0634,172729.285,84676.216
15370,BUN0635,172741.988,84681.552
15372,BUN0636,172760.766,84688.360
15374,BUN0637,172797.549,84702.804
15373,BUN0638,172840.703,84719.279
15375,BUN0639,172891.319,84738.962
15376,BUN0640,172924.385,84752.956
15377,BUN0641,172941.680,84758.959
15378,BUN0642,172971.296,84769.940
15381,BUN0643,173013.811,84785.696
15379,BUN0644,173026.709,84792.380
15380,BUN0645,173060.747,84803.511
15382,BUN0646,173100.155,84819.843
15383,BUN0647,173119.859,84828.489
15361,BUN0648,173172.879,84848.024
15414,BUN0649,173218.222,84864.966
15559,BUN0650,173213.034,84867.711
15579,BUN0651,173247.213,84876.557
15593,BUN0652,173289.540,84893.955
15299,BUN0653,173348.118,84916.079
15308,BUN0654,173353.676,84972.831
15320,BUN0655,173357.556,85008.493
15316,BUN0656,173363.587,85051.952
15322,BUN0657,173390.266,85113.795
15324,BUN0658,173397.902,85131.870
15329,BUN0659,173412.273,85167.446
15312,BUN0660,173440.629,85235.227
15315,BUN0661,173474.279,85315.316
15321,BUN0662,173501.998,85382.765
15356,BUN0663,173522.274,85430.630
15328,BUN0664,173537.596,85468.582
15336,BUN0665,173547.777,85489.460
15346,BUN0666,173585.492,85502.843
15349,BUN0667,173604.586,85509.840
16001,BUN0668,173634.704,85521.619
16003,BUN0669,173663.306,85530.991
16005,BUN0670,173680.218,85538.052
16007,BUN0671,173688.781,85541.689
16010,BUN0672,173704.409,85547.039
16012,BUN0673,173738.156,85559.293
16017,BUN0674,173777.311,85573.992
16023,BUN0675,173814.229,85587.923
16026,BUN0676,173846.768,85620.913
16032,BUN0677,173867.289,85656.982
16033,BUN0678,173885.200,85688.975
16035,BUN0679,173896.071,85707.607
16036,BUN0680,173919.703,85749.972
16041,BUN0681,173958.389,85816.347
16045,BUN0682,173981.494,85857.877
16047,BUN0683,174011.008,85908.750
16051,BUN0684,174032.205,85946.323
16054,BUN0685,174050.287,85977.951
16056,BUN0686,174055.760,85988.890
16058,BUN0687,174064.424,86001.562
16062,BUN0688,174075.139,86022.216
16064,BUN0689,174085.854,86040.576
16080,BUN0690,174093.706,86054.288
16082,BUN0691,174106.411,86075.452
16169,BUN0692,174120.052,86100.014
16084,BUN0693,174128.072,86114.101
16086,BUN0694,174142.035,86137.242
16088,BUN0695,174153.761,86159.119
16090,BUN0696,174167.050,86182.558
16091,BUN0697,174193.676,86208.980
16098,BUN0698,174215.763,86229.873
16095,BUN0699,174239.427,86253.131
16100,BUN0700,174265.057,86279.649
16101,BUN0701,174298.107,86311.546
16103,BUN0702,174332.038,86343.865
16105,BUN0703,174352.796,86355.036
16107,BUN0704,174433.138,86368.083
16108,BUN0705,174501.922,86378.160
16111,BUN0706,174558.872,86386.665
16114,BUN0707,174607.054,86393.992
16116,BUN0708,174632.624,86396.864
16117,BUN0709,174632.885,86401.042
16119,BUN0710,174676.777,86404.697
16121,BUN0711,174769.510,86418.096
16122,BUN0712,174798.983,86438.325
16124,BUN0713,174824.696,86454.690
16125,BUN0714,174847.574,86469.846
16127,BUN0715,174896.867,86504.187
16129,BUN0716,175001.180,86576.198
16130,BUN0717,175017.816,86581.169
16133,BUN0718,175029.297,86628.446
16135,BUN0719,175047.972,86689.526
16136,BUN0720,175094.126,86836.625
16137,BUN0721,175118.106,86914.423
16138,BUN0722,175165.427,86963.634
16141,BUN0723,175188.734,86988.943
16131,BUN0724,175208.301,87008.787
16143,BUN0725,175223.839,87026.619
16145,BUN0726,175258.346,87061.630
16146,BUN0727,175292.594,87099.099
16147,BUN0728,175320.826,87127.779
16148,BUN0729,175368.482,87177.777
16149,BUN0730,175397.580,87210.960
16150,BUN0731,175409.666,87223.924
16151,BUN0732,175424.438,87233.499
16152,BUN0733,175464.053,87261.460
16153,BUN0734,175508.450,87294.864
16154,BUN0735,175543.782,87319.312
16155,BUN0736,175566.430,87334.705
16156,BUN0737,175589.030,87351.466
16160,BUN0738,175631.678,87383.435
16161,BUN0739,175672.604,87408.620
16159,BUN0740,175700.625,87424.343
16164,BUN0741,175731.596,87443.506
16165,BUN0742,175787.363,87476.336
15392,BUN0743,175821.983,87495.615
15396,BUN0744,175846.218,87509.456
15402,BUN0745,175875.398,87527.252
15419,BUN0746,175929.364,87558.768
15428,BUN0747,175973.732,87584.742
15430,BUN0748,176000.037,87600.580
15435,BUN0749,176023.489,87613.567
15439,BUN0750,176042.338,87625.385
15447,BUN0751,176057.828,87634.094
15452,BUN0752,176079.772,87646.996
15461,BUN0753,176097.521,87656.995
15480,BUN0754,176111.075,87664.736
15486,BUN0755,176121.079,87671.509
15491,BUN0756,176142.378,87682.798
15502,BUN0757,176167.631,87698.419
15516,BUN0758,176222.129,87730.014
15525,BUN0759,176305.513,87774.752
15541,BUN0760,176303.865,87780.682
15548,BUN0761,176374.560,87819.305
15573,BUN0762,176391.428,87829.263
15580,BUN0763,176421.388,87846.422
15587,BUN0764,176469.864,87875.695
15607,BUN0765,176514.931,87901.239
15610,BUN0766,176548.900,87922.968
15612,BUN0767,176571.320,87940.623
15639,BUN0768,176598.961,87961.086
15631,BUN0769,176632.795,87986.363
15636,BUN0770,176654.746,88004.811
15643,BUN0771,176691.535,88031.272
15649,BUN0772,176885.836,88178.014
15651,BUN0773,176907.525,88192.145
15656,BUN0774,176922.552,88202.084
15658,BUN0775,176936.032,88210.477
15662,BUN0776,177017.334,88263.530
15665,BUN0777,177097.563,88306.953
15645,BUN0778,177122.951,88321.606
15648,BUN0779,177144.763,88324.823
15668,BUN0780,177148.697,88331.613
15674,BUN0781,177169.452,88341.875
15679,BUN0782,177194.390,88349.232
15692,BUN0783,177233.684,88366.548
15698,BUN0784,177265.629,88379.610
15717,BUN0785,177290.677,88390.857
15702,BUN0786,177312.663,88400.543
15705,BUN0787,177328.702,88407.413
15710,BUN0788,177343.137,88413.596
15713,BUN0789,177378.194,88428.253
15726,BUN0790,177422.790,88447.332
15741,BUN0791,177462.223,88464.276
15743,BUN0792,177542.071,88479.355
15748,BUN0793,177591.162,88487.305
15752,BUN0794,177601.076,88487.861
15761,BUN0795,177634.172,88493.726
15841,BUN0796,177661.075,88498.297
15846,BUN0797,177696.517,88503.534
15852,BUN0798,177740.511,88510.315
15856,BUN0799,177770.810,88515.603
15862,BUN0800,177796.780,88519.208
15866,BUN0801,177833.718,88524.345
15872,BUN0802,177824.226,88527.264
15876,BUN0803,177858.644,88528.954
15880,BUN0804,177883.056,88533.834
15886,BUN0805,177937.409,88541.852
15891,BUN0806,177965.446,88546.790
15896,BUN0807,177991.401,88550.846
15899,BUN0808,178028.696,88556.458
15905,BUN0809,178062.382,88562.871
15910,BUN0810,178096.031,88567.717
15912,BUN0811,178120.642,88571.750
15918,BUN0812,178167.736,88579.053
15924,BUN0813,178248.851,88592.673
15926,BUN0814,178306.574,88590.769
15931,BUN0815,178324.616,88594.118
15936,BUN0816,178383.163,88589.583
15940,BUN0817,178404.372,88588.177
15946,BUN0818,178427.311,88586.093
15951,BUN0819,178454.838,88584.009
15956,BUN0820,178473.857,88608.036
15960,BUN0821,178495.970,88631.716
15961,BUN0822,178515.529,88653.009
15963,BUN0823,178529.461,88668.227
15966,BUN0824,178551.523,88691.362
15969,BUN0825,178569.252,88710.834
15972,BUN0826,178584.607,88727.389
15979,BUN0827,178599.438,88743.247
15982,BUN0828,178613.845,88759.532
15985,BUN0829,178668.795,88818.107
15074,BUN0830,178717.041,88871.152
15080,BUN0831,178775.005,88933.573
15087,BUN0832,178818.281,88979.946
15101,BUN0833,178845.039,89010.624
15094,BUN0834,178881.192,89049.891
15108,BUN0835,178957.566,89067.945
15113,BUN0836,179014.959,89067.493
15117,BUN0837,179051.112,89067.493
15120,BUN0838,179067.381,89067.945
15129,BUN0839,179084.101,89068.396
15136,BUN0840,179104.437,89068.396
15153,BUN0841,179140.721,89066.011
15162,BUN0842,179144.137,89072.550
15167,BUN0843,179162.640,89068.570
15173,BUN0844,179194.523,89069.139
15186,BUN0845,179257.138,89070.412
15188,BUN0846,179280.311,89070.412
15192,BUN0847,179302.912,89070.126
15197,BUN0848,179325.799,89070.126
15202,BUN0849,179336.956,89070.412
15208,BUN0850,179371.001,89069.269
15211,BUN0851,179468.006,89076.777
15215,BUN0852,179518.545,89081.939
15219,BUN0853,179536.923,89083.660
15224,BUN0854,179561.331,89085.954
15227,BUN0855,179587.749,89088.822
15230,BUN0856,179640.873,89093.984
15234,BUN0857,179688.540,89098.860
15250,BUN0858,179778.941,89109.009
15258,BUN0859,179871.174,89112.751
15264,BUN0860,180085.562,89123.987
15296,BUN0861,180107.283,89124.910
15268,BUN0862,180130.851,89127.218
15272,BUN0863,180152.571,89127.218
15275,BUN0864,180216.346,89130.910
15278,BUN0865,180262.559,89134.141
15281,BUN0866,180274.113,89135.064
15284,BUN0867,180288.901,89135.064
15288,BUN0868,180307.386,89135.064
15291,BUN0869,180359.607,89139.679
15967,BUN0870,180502.985,89146.944
15977,BUN0871,180617.649,89137.225
15995,BUN0872,180641.950,89130.224
16000,BUN0873,180681.206,89125.556
16006,BUN0874,180731.210,89118.088
16015,BUN0875,180769.998,89112.488
16020,BUN0876,180820.003,89103.620
16027,BUN0877,180871.409,89096.152
16030,BUN0878,180906.770,89090.786
16034,BUN0879,180912.329,89086.403
16038,BUN0880,180932.515,89087.864
15945,BUN0881,180993.811,89078.385
15939,BUN0882,181057.581,89069.394
15933,BUN0883,181081.588,89063.399
15930,BUN0884,181136.355,89058.154
15953,BUN0885,181227.883,89057.405
15921,BUN0886,181285.651,89058.154
15914,BUN0887,181327.664,89058.904
15909,BUN0888,181374.929,89059.653
15902,BUN0889,181417.692,89058.904
15885,BUN0890,181500.968,89058.154
15892,BUN0891,181625.826,89063.109
15889,BUN0892,181654.546,89070.163
15868,BUN0893,181703.983,89079.097
15864,BUN0894,181754.832,89086.621
15859,BUN0895,181801.444,89096.025
15858,BUN0896,181838.639,89103.079
15854,BUN0897,181881.484,89109.662
15850,BUN0898,181923.387,89117.656
15879,BUN0899,181958.699,89122.829
15875,BUN0900,182011.294,89132.829
15847,BUN0901,182064.224,89140.853
15848,BUN0902,182094.469,89148.405
15842,BUN0903,182110.537,89151.709
15839,BUN0904,182119.247,89160.114
15837,BUN0905,182133.003,89172.906
15836,BUN0906,182139.644,89178.591
15835,BUN0907,182145.811,89182.381
15834,BUN0908,182169.528,89204.173
15833,BUN0909,182176.644,89209.384
15831,BUN0910,182183.759,89216.017
15830,BUN0911,182190.399,89223.123
15829,BUN0912,182206.053,89235.914
15828,BUN0913,182225.976,89252.021
15827,BUN0914,182282.593,89301.865
15826,BUN0915,182293.544,89310.899
15727,BUN0916,182304.019,89319.934
15723,BUN0917,182317.826,89331.822
15720,BUN0918,182325.444,89337.053
15718,BUN0919,182346.393,89348.465
15682,BUN0920,182374.008,89368.437
15670,BUN0921,182419.144,89415.709
15619,BUN0922,182453.117,89449.161
15616,BUN0923,182481.348,89480.224
15613,BUN0924,182501.923,89501.251
15605,BUN0925,182672.023,89674.654
15602,BUN0926,182755.591,89690.004
15599,BUN0927,182855.051,89701.545
15596,BUN0928,182855.618,89707.960
15582,BUN0929,182891.135,89709.847
15572,BUN0930,182944.546,89717.591
15562,BUN0931,182978.472,89748.752
15608,BUN0932,183039.098,89807.565
15553,BUN0933,183097.352,89863.405
15547,BUN0934,183122.096,89886.290
15536,BUN0935,183139.512,89904.295
15522,BUN0936,183165.928,89927.522
15526,BUN0937,183154.451,89921.218
15518,BUN0938,183195.267,89953.460
15511,BUN0939,183207.535,89965.100
15509,BUN0940,183212.136,89964.181
15504,BUN0941,183236.672,89988.686
15496,BUN0942,183271.319,90013.784
15492,BUN0943,183294.153,90039.421
15483,BUN0944,183332.672,90072.628
15476,BUN0945,183389.624,90120.495
15469,BUN0946,183461.378,90182.181
15462,BUN0947,183523.513,90236.998
15454,BUN0948,183558.509,90266.645
15034,BUN0949,183581.373,90310.985
15027,BUN0950,183615.854,90385.278
15012,BUN0951,183669.561,90502.527
15004,BUN0952,183719.338,90610.492
15001,BUN0953,183749.220,90677.196
14997,BUN0954,183774.976,90732.152
15991,BUN0955,183795.713,90777.394
15988,BUN0956,183818.119,90817.592
15986,BUN0957,183834.020,90842.117
15983,BUN0958,183901.542,90942.446
15965,BUN0959,183938.926,90997.797
15957,BUN0960,183973.543,91051.111
15949,BUN0961,184008.593,91103.946
15941,BUN0962,184043.665,91155.838
15932,BUN0963,184069.720,91193.308
15928,BUN0964,184088.299,91220.653
15922,BUN0965,184102.641,91242.464
15919,BUN0966,184119.264,91267.205
15906,BUN0967,184169.082,91337.849
15901,BUN0968,184212.085,91382.821
15897,BUN0969,184229.796,91401.164
15678,BUN0970,184243.243,91415.577
15669,BUN0971,184261.610,91434.576
15996,BUN0972,184314.642,91489.739
15618,BUN0973,184468.874,91674.044
15614,BUN0974,184578.011,91835.860
15609,BUN0975,184648.902,91951.302
15603,BUN0976,184734.083,92091.854
15600,BUN0977,184748.082,92191.142
15595,BUN0978,184751.482,92295.898
15590,BUN0979,184754.157,92416.088
15585,BUN0980,184757.510,92505.205
15569,BUN0981,184758.600,92569.997
15560,BUN0982,184687.550,92638.631
15556,BUN0983,184655.813,92714.049
15549,BUN0984,184667.321,92777.560
15544,BUN0985,184680.657,92848.752
15537,BUN0986,184689.994,92892.087
15533,BUN0987,184695.197,92919.193
15530,BUN0988,184700.017,92946.356
15524,BUN0989,184704.837,92973.518
15515,BUN0990,184709.312,92997.929
15510,BUN0991,184714.587,93021.690
15500,BUN0992,184718.042,93039.636
15494,BUN0993,184723.571,93066.555
15479,BUN0994,184731.864,93113.489
15477,BUN0995,184777.769,93143.886
15472,BUN0996,184818.002,93171.944
15467,BUN0997,184839.506,93186.493
15460,BUN0998,184863.784,93202.427
15453,BUN0999,184897.774,93227.021
15437,BUN1000,184943.959,93258.105
15434,BUN1001,184998.036,93295.409
15431,BUN1002,185050.440,93331.044
15425,BUN1003,185095.596,93361.667
15421,BUN1004,185147.443,93397.858
15416,BUN1005,185187.024,93424.026
15413,BUN1006,185218.692,93477.124
15406,BUN1007,185220.791,93499.487
15400,BUN1008,185223.240,93520.103
15393,BUN1009,185227.438,93535.827
15390,BUN1010,185226.039,93547.358
15388,BUN1011,185228.138,93566.925
15386,BUN1012,185229.537,93578.456
15273,BUN1013,185234.699,93626.309
15251,BUN1014,185240.011,93677.111
15259,BUN1015,185242.831,93699.290
15245,BUN1016,185247.765,93745.406
15237,BUN1017,185252.166,93785.131
15221,BUN1018,185264.180,93838.068
15179,BUN1019,185284.958,93928.709
15176,BUN1020,185302.168,94006.626
15170,BUN1021,185312.002,94052.278
15157,BUN1022,185317.746,94080.959
15152,BUN1023,185324.064,94110.788
15142,BUN1024,185328.730,94131.056
15138,BUN1025,185335.966,94159.241
15126,BUN1026,185345.734,94186.703
15115,BUN1027,185350.438,94226.812
15122,BUN1028,185348.267,94234.039
15104,BUN1029,185372.814,94324.486
15096,BUN1030,185390.596,94403.557
15093,BUN1031,185392.345,94428.594
15089,BUN1032,185403.422,94463.529
15086,BUN1033,185413.916,94514.185
15082,BUN1034,185411.713,94610.377
15077,BUN1035,185409.509,94688.499
15071,BUN1036,185409.087,94717.271
15069,BUN1037,185408.394,94750.227
15066,BUN1038,185407.702,94781.570
15064,BUN1039,185407.702,94796.089
15057,BUN1040,185406.612,94845.904
15054,BUN1041,185404.929,94933.240
15039,BUN1042,185402.333,95002.140
15052,BUN1043,185402.110,95037.658
15032,BUN1044,185401.673,95046.972
15029,BUN1045,185401.608,95069.449
15021,BUN1046,185400.674,95092.316
15015,BUN1047,185399.973,95126.384
15013,BUN1048,185398.813,95177.015
15010,BUN1049,185398.064,95229.394
15007,BUN1050,185396.924,95265.922
15006,BUN1051,185396.689,95280.010
15003,BUN1052,185396.217,95293.083
15290,BUN1053,185391.317,95507.820
15287,BUN1054,185390.292,95567.118
15285,BUN1055,185389.842,95590.358
15282,BUN1056,185347.931,96031.614
15280,BUN1057,185343.323,96031.856
15267,BUN1058,185341.868,96060.194
15277,BUN1059,185343.740,96088.097
15271,BUN1060,185342.280,96101.711
15263,BUN1061,185337.440,96140.705
15242,BUN1062,185334.286,96193.884
15240,BUN1063,185333.796,96234.980
15231,BUN1064,185327.918,96235.958
15247,BUN1065,185333.908,96266.595
15229,BUN1066,185327.524,96271.990
15222,BUN1067,185326.597,96301.576
15217,BUN1068,185325.233,96339.984
15236,BUN1069,185322.179,96385.158
15212,BUN1070,185320.077,96421.402
15209,BUN1071,185319.282,96446.818
15204,BUN1072,185316.896,96470.248
15257,BUN1073,185331.897,96523.347
15200,BUN1074,185341.787,96534.538
15198,BUN1075,185353.045,96545.531
15194,BUN1076,185380.066,96575.019
15190,BUN1077,185406.906,96603.026
15187,BUN1078,185423.330,96621.830
15184,BUN1079,185463.221,96663.565
15182,BUN1080,185505.389,96708.086
15165,BUN1081,185528.279,96733.354
15160,BUN1082,185563.454,96772.279
15156,BUN1083,185579.981,96788.785
15154,BUN1084,185595.702,96803.278
15151,BUN1085,185594.896,96807.304
15148,BUN1086,185620.694,96833.069
15147,BUN1087,185628.756,96847.965
15145,BUN1088,185652.941,96867.289
15130,BUN1089,185676.592,96892.640
15140,BUN1090,185708.908,96926.851
15134,BUN1091,185748.333,96974.617
15119,BUN1092,185769.550,96997.119
15121,BUN1093,185777.480,97006.317
15118,BUN1094,185768.783,97005.806
15116,BUN1095,185786.690,97023.179
15114,BUN1096,185799.225,97037.742
15123,BUN1097,185807.199,97047.019
15112,BUN1098,185818.740,97061.618
15111,BUN1099,185828.998,97073.912
15110,BUN1100,185835.666,97081.596
15124,BUN1101,185844.898,97093.378
15109,BUN1102,185858.490,97109.002
15106,BUN1103,185868.987,97121.861
15105,BUN1104,185883.808,97140.776
15102,BUN1105,185905.628,97183.127
15098,BUN1106,185935.482,97246.173
15092,BUN1107,185964.527,97311.441
15090,BUN1108,185994.231,97376.708
15083,BUN1109,186028.095,97449.191
15079,BUN1110,186063.829,97525.856
15078,BUN1111,186091.566,97587.237
15085,BUN1112,186100.642,97606.404
15020,BUN1113,186106.089,97618.059
15076,BUN1114,186114.128,97635.154
15075,BUN1115,186122.427,97652.766
15195,BUN1116,186139.759,97689.792
15073,BUN1117,186147.048,97706.430
15072,BUN1118,186152.775,97720.469
15070,BUN1119,186165.269,97745.686
15068,BUN1120,186180.681,97779.523
15100,BUN1121,186192.367,97804.116
15067,BUN1122,186213.235,97849.551
15063,BUN1123,186234.521,97896.653
15061,BUN1124,186247.515,97923.789
15044,BUN1125,186263.015,97956.842
15058,BUN1126,186272.231,97977.343
15060,BUN1127,186316.720,98073.075
15038,BUN1128,186377.386,98203.419
15035,BUN1129,186405.049,98264.457
15031,BUN1130,186435.296,98329.997
15030,BUN1131,186457.004,98377.197
15028,BUN1132,186468.969,98405.365
15025,BUN1133,186491.190,98451.032
15024,BUN1134,186560.209,98601.005
15018,BUN1135,186586.773,98703.964
15016,BUN1136,186585.423,98728.489
15014,BUN1137,186583.535,98748.703
15011,BUN1138,186582.995,98772.150
15009,BUN1139,186581.336,98803.062
15008,BUN1140,186579.601,98842.050
15005,BUN1141,186572.755,98951.358
15002,BUN1142,186598.935,99029.287
15000,BUN1143,186613.320,99070.210
14999,BUN1144,186628.157,99112.483
14998,BUN1145,186635.278,99129.717
