pap_ref,total_take,rate_per_acre,land_interest,tenure
DOH0001,0.0373,6000000,90,CUSTOMARY
DOH0002,0.0373,6000000,10,TENANT 
DOH0003,0.0137,6000000,100,CUSTOMARY
DOH0004,0.039,8000000,100,LEASEHOLD
DOH0005,3.3122,8000000,90,LEASEHOLD
DOH0006,0.0975,8000000,10,TENANT 
DOH0007,0.0599,8000000,10,TENANT 
DOH0008,0.0578,8000000,10,TENANT 
DOH0009,0.0612,8000000,10,TENANT 
DOH0010,0.0652,8000000,10,TENANT 
DOH0011,0.064,8000000,10,TENANT 
DOH0012,0.1159,8000000,10,TENANT 
DOH0013,0.0617,8000000,10,TENANT 
DOH0014,0.061,8000000,10,TENANT 
DOH0015,0.1182,8000000,10,TENANT 
DOH0016,0.0609,8000000,10,TENANT 
DOH0017,0.0562,8000000,10,TENANT 
DOH0018,0.0618,8000000,10,TENANT 
DOH0019,0.1179,8000000,10,TENANT 
DOH0020,0.0634,8000000,10,TENANT 
DOH0021,0.1191,8000000,10,TENANT 
DOH0022,0.1199,8000000,10,TENANT 
DOH0023,0.1236,8000000,10,TENANT 
DOH0024,0.0591,8000000,10,TENANT 
DOH0025,0.0627,8000000,10,TENANT 
DOH0026,0.0626,8000000,10,TENANT 
DOH0027,0.0497,8000000,10,TENANT 
DOH0028,0.0119,8000000,10,TENANT 
DOH0029,0.0656,8000000,10,TENANT 
DOH0030,0.1295,8000000,10,TENANT 
DOH0031,0.1236,8000000,10,TENANT 
DOH0032,0.0669,8000000,10,TENANT 
DOH0033,0.0646,8000000,10,TENANT 
DOH0034,0.0654,8000000,10,TENANT 
DOH0035,0.056,8000000,10,TENANT 
DOH0036,0.1946,8000000,10,TENANT 
DOH0037,0.0614,8000000,10,TENANT 
DOH0038,0.067,8000000,10,TENANT 
DOH0039,0.0521,8000000,10,TENANT 
DOH0040,0.0378,8000000,10,TENANT 
DOH0041,0.0035,8000000,10,TENANT 
DOH0042,0.0023,8000000,10,TENANT 
DOH0043,0.084,8000000,10,TENANT 
DOH0044,0.0719,8000000,10,TENANT 
DOH0045,0.0613,8000000,10,TENANT 
DOH0046,0.0627,8000000,10,TENANT 
DOH0047,0.0515,8000000,10,TENANT 
DOH0048,0.0518,8000000,10,TENANT 
DOH0049,0.0481,8000000,10,TENANT 
DOH0050,0.0534,8000000,10,TENANT 
DOH0051,0.0515,8000000,10,TENANT 
DOH0052,0.0545,8000000,10,TENANT 
DOH0053,3.4869,8000000,90,LEASEHOLD
DOH0054,0.0231,8000000,10,TENANT 
DOH0055,0.0598,8000000,10,TENANT 
DOH0056,0.0725,8000000,10,TENANT 
DOH0057,0.0501,8000000,10,TENANT 
DOH0058,0.0586,8000000,10,TENANT 
DOH0059,0.1168,8000000,10,TENANT 
DOH0060,0.0694,8000000,10,TENANT 
DOH0061,0.0588,8000000,10,TENANT 
DOH0062,0.0622,8000000,10,TENANT 
DOH0063,0.0568,8000000,10,TENANT 
DOH0064,0.059,8000000,10,TENANT 
DOH0065,0.1167,8000000,10,TENANT 
DOH0066,0.0596,8000000,10,TENANT 
DOH0067,0.0565,8000000,10,TENANT 
DOH0068,0.0613,8000000,10,TENANT 
DOH0069,0.1207,8000000,10,TENANT 
DOH0070,0.0597,8000000,10,TENANT 
DOH0071,0.0653,8000000,10,TENANT 
DOH0072,0.0574,8000000,10,TENANT 
DOH0073,0.0576,8000000,10,TENANT 
DOH0074,0.0553,8000000,10,TENANT 
DOH0075,0.0651,8000000,10,TENANT 
DOH0076,0.0634,8000000,10,TENANT 
DOH0077,0.1407,8000000,10,TENANT 
DOH0078,0.0542,8000000,10,TENANT 
DOH0079,0.0107,8000000,10,TENANT 
DOH0080,0.0109,8000000,10,TENANT 
DOH0081,0.0656,8000000,10,TENANT 
DOH0082,0.06,8000000,10,TENANT 
DOH0083,0.0666,8000000,10,TENANT 
DOH0084,0.1418,8000000,10,TENANT 
DOH0085,0.0708,8000000,10,TENANT 
DOH0086,0.067,8000000,10,TENANT 
DOH0087,0.0723,8000000,10,TENANT 
DOH0088,0.1406,8000000,10,TENANT 
DOH0089,0.0105,8000000,10,TENANT 
DOH0090,0.129,8000000,10,TENANT 
DOH0091,0.0689,8000000,10,TENANT 
DOH0092,0.0694,8000000,10,TENANT 
DOH0093,0.0732,8000000,10,TENANT 
DOH0094,0.056,8000000,10,TENANT 
DOH0095,0.0755,8000000,10,TENANT 
DOH0096,0.0737,8000000,10,TENANT 
DOH0097,0.0716,8000000,10,TENANT 
DOH0098,0.047,8000000,10,TENANT 
DOH0099,0.0028,8000000,10,TENANT 
DOH0100,0.0243,8000000,10,TENANT 
DOH0101,0.0651,8000000,10,TENANT 
DOH0102,0.06,8000000,10,TENANT 
DOH0103,0.0792,8000000,10,TENANT 
DOH0104,0.1333,8000000,10,TENANT 
DOH0105,0.0205,8000000,10,TENANT 
DOH0106,0.6918,8000000,90,LEASEHOLD
DOH0107,0.0227,8000000,10,TENANT
DOH0108,0.0652,8000000,10,TENANT
DOH0109,0.0591,8000000,10,TENANT
DOH0110,0.1163,8000000,10,TENANT
DOH0111,0.1258,8000000,10,TENANT
DOH0112,0.0602,8000000,10,TENANT
DOH0113,0.0631,8000000,10,TENANT
DOH0114,0.0597,8000000,10,TENANT
DOH0115,0.1197,8000000,10,TENANT
DOH0116,0.114,6000000,100,CUSTOMARY
DOH0117,2.6809,8000000,90,LEASEHOLD
DOH0118,0.0624,8000000,10,TENANT
DOH0119,0.0575,8000000,10,TENANT
DOH0120,0.1227,8000000,10,TENANT
DOH0121,0.1217,8000000,10,TENANT
DOH0122,0.0563,8000000,10,TENANT
DOH0123,0.0606,8000000,10,TENANT
DOH0124,0.0657,8000000,10,TENANT
DOH0125,0.0623,8000000,10,TENANT
DOH0126,0.057,8000000,10,TENANT
DOH0127,0.2757,8000000,10,TENANT
DOH0128,0.0357,8000000,10,TENANT
DOH0129,0.0006,8000000,10,TENANT
DOH0130,0.0018,8000000,10,TENANT
DOH0131,0.0337,8000000,10,TENANT
DOH0132,0.067,8000000,10,TENANT
DOH0133,0.0718,8000000,10,TENANT
DOH0134,0.1203,8000000,10,TENANT
DOH0135,0.0689,8000000,10,TENANT
DOH0136,0.0684,8000000,10,TENANT
DOH0137,0.0661,8000000,10,TENANT
DOH0138,0.0734,8000000,10,TENANT
DOH0139,0.0683,8000000,10,TENANT
DOH0140,0.0269,8000000,10,TENANT
DOH0141,0.0003,8000000,10,TENANT
DOH0142,0.0024,8000000,10,TENANT
DOH0143,0.0393,8000000,10,TENANT
DOH0144,0.0668,8000000,10,TENANT
DOH0145,0.1359,8000000,10,TENANT
DOH0146,0.0666,8000000,10,TENANT
DOH0147,0.0658,8000000,10,TENANT
DOH0148,0.0711,8000000,10,TENANT
DOH0149,0.0641,8000000,10,TENANT
DOH0150,0.0735,8000000,10,TENANT
DOH0151,0.0591,8000000,10,TENANT
DOH0152,0.0269,8000000,10,TENANT
DOH0153,0.0021,8000000,10,TENANT
DOH0154,0.0467,8000000,10,TENANT
DOH0155,0.0662,8000000,10,TENANT
DOH0156,0.0684,8000000,10,TENANT
DOH0157,0.0727,8000000,10,TENANT
DOH0158,0.0679,8000000,10,TENANT
DOH0159,0.0402,8000000,10,TENANT
DOH0160,0.7475,8000000,90,LEASEHOLD
DOH0161,0.2081,8000000,10,TENANT
DOH0162,0.0622,8000000,10,TENANT
DOH0163,0.0566,8000000,10,TENANT
DOH0164,0.0633,8000000,10,TENANT
DOH0165,0.0576,8000000,10,TENANT
DOH0166,0.1222,8000000,10,TENANT
DOH0167,0.0578,8000000,10,TENANT
DOH0168,0.1197,8000000,10,TENANT
DOH0169,0.0581,6000000,100,CUSTOMARY
DOH0170,0.4181,8000000,90,LEASEHOLD
DOH0171,0.0618,8000000,10,TENANT
DOH0172,0.183,8000000,10,TENANT
DOH0173,0.0531,8000000,10,TENANT
DOH0174,0.0581,8000000,10,TENANT
DOH0175,0.062,8000000,10,TENANT
DOH0176,0.0592,6000000,100,CUSTOMARY
DOH0177,0.2444,8000000,90,LEASEHOLD
DOH0178,0.1176,8000000,10,TENANT
DOH0179,0.0603,8000000,10,TENANT
DOH0180,0.0665,8000000,10,TENANT
DOH0181,0.0667,6000000,100,CUSTOMARY
DOH0182,1.1322,8000000,90,LEASEHOLD
DOH0183,0.0629,8000000,10,TENANT
DOH0184,0.064,8000000,10,TENANT
DOH0185,0.0473,8000000,10,TENANT
DOH0186,0.0051,8000000,10,TENANT
DOH0187,0.015,8000000,10,TENANT
DOH0188,0.1381,8000000,10,TENANT
DOH0189,0.0597,8000000,10,TENANT
DOH0190,0.0684,8000000,10,TENANT
DOH0191,0.069,8000000,10,TENANT
DOH0192,0.0744,8000000,10,TENANT
DOH0193,0.0671,8000000,10,TENANT
DOH0194,0.062,8000000,10,TENANT
DOH0195,0.072,8000000,10,TENANT
DOH0196,0.0495,8000000,10,TENANT
DOH0197,0.0061,8000000,10,TENANT
DOH0198,0.0182,8000000,10,TENANT
DOH0199,0.0767,8000000,10,TENANT
DOH0200,0.0653,8000000,10,TENANT
DOH0201,0.0507,8000000,10,TENANT
DOH0202,0.0589,8000000,10,TENANT
DOH0203,0.0019,8000000,10,TENANT
DOH0204,0.2224,6000000,90,CUSTOMARY
DOH0205,0.2224,6000000,10,TENANT
DOH0206,0.0956,6000000,90,CUSTOMARY
DOH0207,0.0956,6000000,10,TENANT
DOH0208,0.0047,6000000,100,CUSTOMARY
DOH0209,0.1495,6000000,100,CUSTOMARY
DOH0210,0.0902,6000000,100,CUSTOMARY
DOH0211,0.0141,6000000,100,CUSTOMARY
DOH0212,0.0138,6000000,100,CUSTOMARY
DOH0213,0.1502,6000000,100,CUSTOMARY
DOH0214,0.0109,6000000,100,CUSTOMARY
DOH0215,0.0033,6000000,100,CUSTOMARY
DOH0216,0.0066,6000000,90,CUSTOMARY
DOH0217,0.0066,6000000,10,TENANT
DOH0218,0.0736,6000000,100,CUSTOMARY
DOH0219,0.0286,8000000,100,LEASEHOLD
DOH0220,0.9554,8000000,90,LEASEHOLD
DOH0221,0.1068,8000000,10,TENANT
DOH0222,0.0577,8000000,10,TENANT
DOH0223,0.0628,8000000,10,TENANT
DOH0224,0.0583,8000000,10,TENANT
DOH0225,0.1164,8000000,10,TENANT
DOH0226,0.0646,8000000,10,TENANT
DOH0227,0.0606,8000000,10,TENANT
DOH0228,0.0605,8000000,10,TENANT
DOH0229,0.1776,8000000,10,TENANT
DOH0230,0.0671,8000000,10,TENANT
DOH0231,0.1228,8000000,10,TENANT
DOH0232,0.105,6000000,90,CUSTOMARY
DOH0233,0.105,6000000,10,TENANT
DOH0234,0.0543,6000000,90,CUSTOMARY
DOH0235,0.0543,6000000,10,TENANT
DOH0236,0.0596,6000000,100,CUSTOMARY
DOH0237,0.0607,6000000,100,CUSTOMARY
DOH0238,0.9983,8000000,90,LEASEHOLD
DOH0239,0.9983,8000000,10,TENANT
DOH0240,0.0562,8000000,10,TENANT
DOH0241,0.0592,8000000,10,TENANT
DOH0242,0.1069,8000000,10,TENANT
DOH0243,0.1247,8000000,10,TENANT
DOH0244,0.0584,8000000,10,TENANT
DOH0245,0.1166,8000000,10,TENANT
DOH0246,0.1215,8000000,10,TENANT
DOH0247,0.0545,8000000,10,TENANT
DOH0248,0.1276,8000000,10,TENANT
DOH0249,0.0613,8000000,10,TENANT
DOH0250,0.0536,8000000,10,TENANT
DOH0251,0.0413,6000000,100,CUSTOMARY
DOH0252,0.5684,8000000,90,LEASEHOLD
DOH0253,0.0988,8000000,10,TENANT
DOH0254,0.0608,8000000,10,TENANT
DOH0255,0.0605,8000000,10,TENANT
DOH0256,0.1217,8000000,10,TENANT
DOH0257,0.0593,8000000,10,TENANT
DOH0258,0.0595,8000000,10,TENANT
DOH0259,0.0682,8000000,10,TENANT
DOH0260,0.0396,8000000,10,TENANT
DOH0261,0.2319,6000000,100,CUSTOMARY
DOH0262,0.0068,6000000,100,CUSTOMARY
DOH0263,0.0807,6000000,100,CUSTOMARY
DOH0264,0.176,6000000,100,CUSTOMARY
DOH0265,0.0904,6000000,100,CUSTOMARY
DOH0266,0.1686,6000000,100,CUSTOMARY
DOH0267,0.0123,6000000,100,CUSTOMARY
DOH0268,0.0965,6000000,100,CUSTOMARY
DOH0269,0.1001,6000000,100,CUSTOMARY
DOH0270,0.9391,6000000,90,CUSTOMARY
DOH0271,0.0112,6000000,10,TENANT
DOH0272,0.075,6000000,10,TENANT
DOH0273,0.1279,6000000,10,TENANT
DOH0274,0.1184,6000000,10,TENANT
DOH0275,0.0182,6000000,10,TENANT
DOH0276,0.1429,6000000,10,TENANT
DOH0277,0.0032,6000000,10,TENANT
DOH0278,0.2477,6000000,10,TENANT
DOH0279,0.1456,6000000,10,TENANT
DOH0280,0.0489,6000000,10,TENANT
DOH0281,0.019,6000000,100,CUSTOMARY
DOH0282,0.333,6000000,90,CUSTOMARY
DOH0283,0.1689,6000000,10,TENANT
DOH0284,0.0618,6000000,10,TENANT
DOH0285,0.1024,6000000,10,TENANT
DOH0286,0.1101,6000000,90,CUSTOMARY
DOH0287,0.1101,6000000,10,TENANT
DOH0288,0.1181,6000000,90,CUSTOMARY
DOH0289,0.1181,6000000,10,TENANT
DOH0290,0.0474,6000000,90,CUSTOMARY
DOH0291,0.0474,6000000,10,TENANT
DOH0292,0.0427,6000000,90,CUSTOMARY
DOH0293,0.0427,6000000,10,TENANT
DOH0294,0.0552,6000000,100,CUSTOMARY
DOH0295,0.0552,6000000,100,CUSTOMARY
DOH0296,0.009,6000000,100,CUSTOMARY
DOH0297,0.0601,6000000,100,CUSTOMARY
DOH0298,0.1495,6000000,90,CUSTOMARY
DOH0299,0.1495,6000000,10,TENANT
DOH0300,0.0015,6000000,100,CUSTOMARY
DOH0301,0.2502,6000000,90,CUSTOMARY
DOH0302,0.076,6000000,10,TENANT
DOH0303,0.1595,6000000,10,TENANT
DOH0304,0.0147,6000000,10,TENANT
DOH0305,0.0578,6000000,100,CUSTOMARY
DOH0306,0.1042,6000000,90,CUSTOMARY
DOH0307,0.1042,6000000,10,TENANT
DOH0308,0.1968,6000000,100,CUSTOMARY
DOH0309,0.1956,6000000,100,CUSTOMARY
DOH0310,0.0447,6000000,100,CUSTOMARY
DOH0311,0.0468,6000000,100,CUSTOMARY
DOH0312,0.0794,6000000,100,CUSTOMARY
DOH0313,0.0988,6000000,10,CUSTOMARY
DOH0314,0.0005,6000000,10,TENANT
DOH0315,0.0649,6000000,10,TENANT
DOH0316,0.0333,6000000,10,TENANT
DOH0317,0.0492,6000000,100,CUSTOMARY
DOH0318,0.0425,6000000,100,CUSTOMARY
DOH0319,0.0523,6000000,90,CUSTOMARY
DOH0320,0.0523,6000000,10,TENANT
DOH0321,0.1018,6000000,90,CUSTOMARY
DOH0322,0.1018,6000000,10,TENANT
DOH0323,0.229,6000000,90,CUSTOMARY
DOH0324,0.1189,6000000,10,TENANT
DOH0325,0.1101,6000000,10,TENANT
DOH0326,0.0035,6000000,100,CUSTOMARY
DOH0327,0.0081,6000000,100,CUSTOMARY
DOH0328,0.0516,6000000,90,CUSTOMARY
DOH0329,0.0516,6000000,10,TENANT
DOH0330,0.0522,6000000,90,CUSTOMARY
DOH0331,0.0522,6000000,10,TENANT
DOH0332,0.0037,6000000,100,CUSTOMARY
DOH0333,0.1281,6000000,100,CUSTOMARY
DOH0334,0.1392,6000000,90,CUSTOMARY
DOH0335,0.1392,6000000,10,TENANT
DOH0336,0.1086,6000000,90,CUSTOMARY
DOH0337,0.1086,6000000,10,TENANT
DOH0338,0.0236,6000000,90,CUSTOMARY
DOH0339,0.0236,6000000,10,TENANT
DOH0340,0.0017,6000000,90,CUSTOMARY
DOH0341,0.0017,6000000,10,TENANT
DOH0342,0.1425,6000000,90,CUSTOMARY
DOH0343,0.1425,6000000,10,TENANT
DOH0344,0.1353,6000000,90,CUSTOMARY
DOH0345,0.1353,6000000,10,TENANT
DOH0346,0.2899,6000000,100,CUSTOMARY
DOH0347,0.0363,6000000,90,CUSTOMARY
DOH0348,0.0363,6000000,10,TENANT
DOH0349,0.0937,6000000,100,CUSTOMARY
DOH0350,0.0625,6000000,100,CUSTOMARY
DOH0351,0.2079,6000000,100,CUSTOMARY
DOH0352,0.1954,6000000,90,CUSTOMARY
DOH0354,0.1158,6000000,10,TENANT
DOH0355,0.0796,6000000,10,TENANT
DOH0356,0.1292,6000000,90,CUSTOMARY
DOH0357,0.1292,6000000,10,TENANT
DOH0358,0.0175,6000000,100,CUSTOMARY
DOH0359,0.0881,6000000,90,CUSTOMARY
DOH0360,0.0881,6000000,10,TENANT
DOH0361,0.1249,6000000,100,CUSTOMARY
DOH0362,0.0841,6000000,100,CUSTOMARY
DOH0363,0.1576,6000000,100,CUSTOMARY
DOH0364,0.0589,6000000,100,CUSTOMARY
DOH0365,0.0598,6000000,90,CUSTOMARY
DOH0366,0.0598,6000000,10,TENANT
DOH0367,0.1539,6000000,100,CUSTOMARY
DOH0368,0.0614,6000000,100,CUSTOMARY
DOH0369,0.6431,6000000,100,CUSTOMARY
DOH0370,0.0642,6000000,100,CUSTOMARY
DOH0371,0.0552,6000000,90,CUSTOMARY
DOH0372,0.0552,6000000,10,TENANT
DOH0373,0.21,6000000,100,CUSTOMARY
DOH0374,0.108,6000000,90,CUSTOMARY
DOH0375,0.108,6000000,10,TENANT
DOH0376,0.1325,6000000,100,CUSTOMARY
DOH0377,0.0013,6000000,100,CUSTOMARY
DOH0378,0.0856,6000000,100,CUSTOMARY
DOH0379,0.0972,6000000,100,CUSTOMARY
DOH0380,0.1064,6000000,90,CUSTOMARY
DOH0381,0.1064,6000000,10,TENANT
DOH0382,0.0825,6000000,100,CUSTOMARY
DOH0383,0.0808,6000000,90,CUSTOMARY
DOH0384,0.0808,6000000,10,TENANT
DOH0385,0.1015,6000000,100,CUSTOMARY
DOH0386,0.0879,6000000,100,CUSTOMARY
DOH0387,0.046,6000000,90,CUSTOMARY
DOH0388,0.046,6000000,10,TENANT
DOH0389,0.4021,6000000,90,CUSTOMARY
DOH0390,0.1587,6000000,10,TENANT
DOH0391,0.0525,6000000,10,TENANT
DOH0392,0.1052,6000000,10,TENANT
DOH0393,0.0857,6000000,10,TENANT
DOH0394,0.0142,6000000,100,CUSTOMARY
DOH0395,0.1174,6000000,100,CUSTOMARY
DOH0396,0.2901,6000000,100,CUSTOMARY
DOH0397,0.1157,6000000,100,CUSTOMARY
DOH0398,0.0839,6000000,100,CUSTOMARY
DOH0399,0.0817,6000000,90,CUSTOMARY
DOH0400,0.0817,6000000,10,TENANT
DOH0401,0.0633,6000000,100,CUSTOMARY
DOH0402,0.1837,6000000,100,CUSTOMARY
DOH0403,0.1148,6000000,100,CUSTOMARY
DOH0404,0.077,6000000,100,CUSTOMARY
DOH0405,0.4312,6000000,100,CUSTOMARY
DOH0406,0.1088,6000000,100,CUSTOMARY
DOH0407,0.0403,6000000,100,CUSTOMARY
DOH0408,0.1192,6000000,90,CUSTOMARY
DOH0409,0.1192,6000000,10,TENANT
DOH0410,0.1192,6000000,100,CUSTOMARY
DOH0411,0.0159,6000000,90,CUSTOMARY
DOH0412,0.0159,6000000,10,TENANT
DOH0413,0.1454,6000000,100,CUSTOMARY
DOH0414,0.2391,6000000,100,CUSTOMARY
DOH0415,0.1126,6000000,100,CUSTOMARY
DOH0416,0.1321,6000000,100,CUSTOMARY
DOH0417,0.0448,6000000,100,CUSTOMARY
DOH0418,0.229,6000000,100,CUSTOMARY
DOH0419,0.0247,6000000,100,CUSTOMARY
DOH0420,0.3188,6000000,100,CUSTOMARY
DOH0421,0.5632,6000000,100,CUSTOMARY
DOH0422,0.133,6000000,100,CUSTOMARY
DOH0423,0.0218,6000000,100,CUSTOMARY
DOH0424,0.1416,6000000,90,CUSTOMARY
DOH0425,0.1416,6000000,10,TENANT
DOH0426,0.2543,6000000,90,CUSTOMARY
DOH0427,0.2543,6000000,10,TENANT
DOH0428,0.0997,6000000,100,CUSTOMARY
DOH0429,0.1048,6000000,100,CUSTOMARY
DOH0431,0.0937,6000000,100,CUSTOMARY
DOH0432,0.0341,6000000,90,CUSTOMARY
DOH0433,0.0341,6000000,10,TENANT
DOH0434,0.067,6000000,100,CUSTOMARY
DOH0435,0.1362,6000000,100,CUSTOMARY
DOH0436,0.1123,6000000,100,CUSTOMARY
DOH0437,0.0034,6000000,100,CUSTOMARY
DOH0438,0.2527,6000000,90,CUSTOMARY
DOH0439,0.0774,6000000,10,TENANT
DOH0440,0.0467,6000000,10,TENANT
DOH0441,0.0007,6000000,10,TENANT
DOH0442,0.1279,6000000,10,TENANT
DOH0443,0.6749,6000000,90,CUSTOMARY
DOH0444,0.2192,6000000,10,TENANT
DOH0445,0.1489,6000000,10,TENANT
DOH0446,0.0604,6000000,10,TENANT
DOH0447,0.0685,6000000,10,TENANT
DOH0448,0.1779,6000000,10,TENANT
DOH0449,0.4997,6000000,100,CUSTOMARY
DOH0450,0.0811,6000000,100,CUSTOMARY
DOH0451,0.0202,6000000,100,CUSTOMARY
DOH0452,0.1323,6000000,100,CUSTOMARY
DOH0453,0.1128,6000000,100,CUSTOMARY
DOH0454,0.0973,6000000,100,CUSTOMARY
DOH0455,0.1529,6000000,100,CUSTOMARY
DOH0456,0.0589,6000000,100,CUSTOMARY
DOH0457,0.0923,6000000,100,CUSTOMARY
DOH0458,0.0032,6000000,100,CUSTOMARY
DOH0459,0.081,6000000,90,CUSTOMARY
DOH0460,0.081,6000000,10,TENANT
DOH0461,0.0886,6000000,100,CUSTOMARY
DOH0462,0.086,6000000,90,CUSTOMARY
DOH0463,0.086,6000000,10,TENANT
DOH0464,0.073,6000000,90,CUSTOMARY
DOH0465,0.073,6000000,10,TENANT
DOH0466,0.1074,6000000,100,CUSTOMARY
DOH0467,0.2898,6000000,100,CUSTOMARY
DOH0468,0.2549,6000000,100,CUSTOMARY
DOH0469,0.4773,6000000,90,CUSTOMARY
DOH0470,0.2192,6000000,10,TENANT
DOH0471,0.0959,6000000,10,TENANT
DOH0472,0.0692,6000000,10,TENANT
DOH0473,0.0929,6000000,10,TENANT
DOH0474,0.4522,6000000,90,CUSTOMARY
DOH0475,0.0421,6000000,10,TENANT
DOH0476,0.1478,6000000,10,TENANT
DOH0477,0.1244,6000000,10,TENANT
DOH0478,0.1193,6000000,10,TENANT
DOH0479,0.0186,6000000,10,TENANT
DOH0480,0.0576,6000000,100,CUSTOMARY
DOH0481,0.0098,6000000,90,CUSTOMARY
DOH0482,0.0098,6000000,10,TENANT
DOH0483,0.1411,6000000,100,CUSTOMARY
DOH0484,0.0122,6000000,100,CUSTOMARY
DOH0485,0.3335,6000000,90,CUSTOMARY
DOH0486,0.1635,6000000,10,TENANT
DOH0487,0.085,6000000,10,TENANT
DOH0488,0.085,6000000,10,TENANT
DOH0489,0.1066,6000000,90,CUSTOMARY
DOH0490,0.1066,6000000,10,TENANT
DOH0491,0.0981,6000000,90,CUSTOMARY
DOH0492,0.0981,6000000,10,TENANT
DOH0493,0.0139,6000000,100,CUSTOMARY
DOH0494,0.0572,6000000,100,CUSTOMARY
DOH0495,0.0349,6000000,100,CUSTOMARY
DOH0496,0.1126,6000000,100,CUSTOMARY
DOH0497,0.0888,6000000,90,CUSTOMARY
DOH0498,0.0888,6000000,10,TENANT
DOH0499,0.0544,6000000,100,CUSTOMARY
DOH0500,0.2572,6000000,90,CUSTOMARY
DOH0501,0.2123,6000000,10,TENANT
DOH0502,0.045,6000000,10,TENANT
DOH0503,0.1163,6000000,100,CUSTOMARY
DOH0504,0.1829,6000000,100,CUSTOMARY
DOH0505,0.4291,6000000,90,CUSTOMARY
DOH0506,0.1167,6000000,10,TENANT
DOH0507,0.3124,6000000,10,TENANT
DOH0508,0.1636,6000000,90,CUSTOMARY
DOH0509,0.1636,6000000,10,TENANT
DOH0510,0.101,6000000,90,CUSTOMARY
DOH0511,0.101,6000000,10,TENANT
DOH0512,0.0889,6000000,90,CUSTOMARY
DOH0513,0.0889,6000000,10,TENANT
DOH0514,0.0541,6000000,100,CUSTOMARY
DOH0515,0.0274,6000000,90,CUSTOMARY
DOH0516,0.0274,6000000,10,TENANT
DOH0517,0.122,6000000,90,CUSTOMARY
DOH0518,0.0285,6000000,10,TENANT
DOH0519,0.0467,6000000,10,TENANT
DOH0520,0.0467,6000000,10,TENANT
DOH0521,0.0307,6000000,100,CUSTOMARY
DOH0522,0.5495,6000000,90,CUSTOMARY
DOH0523,0.0759,6000000,10,TENANT
DOH0524,0.2209,6000000,10,TENANT
DOH0525,0.0765,6000000,10,TENANT
DOH0526,0.1762,6000000,10,TENANT
DOH0527,0.298,6000000,90,CUSTOMARY
DOH0528,0.0048,6000000,10,TENANT
DOH0529,0.1427,6000000,10,TENANT
DOH0530,0.0037,6000000,10,TENANT
DOH0531,0.1262,6000000,10,TENANT
DOH0532,0.0207,6000000,10,TENANT
DOH0533,0.2607,6000000,90,CUSTOMARY
DOH0534,0.0054,6000000,10,TENANT
DOH0535,0.112,6000000,10,TENANT
DOH0536,0.0842,6000000,10,TENANT
DOH0537,0.0591,6000000,10,TENANT
DOH0538,0.104,6000000,100,CUSTOMARY
DOH0539,0.0233,6000000,100,CUSTOMARY
DOH0540,0.1135,6000000,100,CUSTOMARY
DOH0541,0.1418,6000000,100,CUSTOMARY
DOH0542,0.1711,6000000,100,CUSTOMARY
DOH0543,0.024,8000000,100,LEASEHOLD
DOH0544,1.7675,8000000,90,LEASEHOLD
DOH0545,0.0615,8000000,10,TENANT
DOH0546,0.2355,8000000,10,TENANT
DOH0547,0.0636,8000000,10,TENANT
DOH0548,0.0657,8000000,10,TENANT
DOH0549,0.0579,8000000,10,TENANT
DOH0550,0.1242,8000000,10,TENANT
DOH0551,0.0596,8000000,10,TENANT
DOH0552,0.0621,8000000,10,TENANT
DOH0553,0.1249,8000000,10,TENANT
DOH0554,0.118,8000000,10,TENANT
DOH0555,0.0612,8000000,10,TENANT
DOH0556,0.0586,8000000,10,TENANT
DOH0557,0.25,8000000,10,TENANT
DOH0558,0.1203,8000000,10,TENANT
DOH0559,0.0422,8000000,10,TENANT
DOH0560,0.0399,8000000,10,TENANT
DOH0561,0.0006,8000000,10,TENANT
DOH0562,0.0309,8000000,10,TENANT
DOH0563,0.0354,8000000,10,TENANT
DOH0564,0.0423,8000000,10,TENANT
DOH0565,0.0475,8000000,10,TENANT
DOH0566,0.0654,8000000,10,TENANT
DOH0567,0.1921,6000000,90,CUSTOMARY
DOH0568,0.0751,6000000,10,TENANT
DOH0569,0.0005,6000000,10,TENANT
DOH0570,0.0597,6000000,10,TENANT
DOH0571,0.0568,6000000,,TENANT
DOH0572,0.0454,6000000,90,CUSTOMARY
DOH0573,0.0454,6000000,10,TENANT
DOH0574,0.1383,6000000,90,CUSTOMARY
DOH0575,0.0704,6000000,10,TENANT
DOH0576,0.0679,6000000,10,TENANT
DOH0577,0.1307,6000000,100,CUSTOMARY
DOH0578,0,6000000,100,CUSTOMARY
DOH0579,0.067,6000000,100,CUSTOMARY
DOH0580,0.1388,6000000,90,CUSTOMARY
DOH0581,0.1388,6000000,10,TENANT
DOH0582,0.0456,6000000,100,CUSTOMARY
DOH0583,0.0862,6000000,90,CUSTOMARY
DOH0584,0.0862,6000000,10,TENANT
DOH0585,0.0638,6000000,100,CUSTOMARY
DOH0586,0.0493,6000000,90,CUSTOMARY
DOH0587,0.0493,6000000,10,TENANT
DOH0588,0.0149,6000000,90,CUSTOMARY
DOH0589,0.0149,6000000,10,TENANT
DOH0590,0.1352,8000000,100,FREEHOLD
DOH0591,0.1163,8000000,90,FREEHOLD
DOH0592,0.1163,8000000,10,TENANT
DOH0593,0.117,8000000,90,FREEHOLD
DOH0594,0.117,8000000,10,TENANT
DOH0595,0.0618,8000000,90,FREEHOLD
DOH0596,0.0618,8000000,10,TENANT
DOH0597,0.0959,8000000,90,FREEHOLD
DOH0598,0.0959,8000000,10,TENANT
DOH0599,0.0224,8000000,100,FREEHOLD
DOH0600,0.1863,6000000,100,CUSTOMARY
DOH0601,0.0663,6000000,100,CUSTOMARY
DOH0602,0.0298,6000000,100,CUSTOMARY
DOH0603,0.0613,6000000,100,CUSTOMARY
DOH0604,0.0557,6000000,100,CUSTOMARY
DOH0605,0.1136,6000000,100,CUSTOMARY
DOH0606,0.1553,6000000,100,CUSTOMARY
DOH0607,0.1664,6000000,100,CUSTOMARY
DOH0608,0.1297,6000000,100,CUSTOMARY
DOH0609,0.092,6000000,100,CUSTOMARY
DOH0610,0.0037,6000000,100,CUSTOMARY
DOH0611,0.1207,6000000,100,CUSTOMARY
DOH0612,0.0061,8000000,100,LEASEHOLD
DOH0613,1.0294,8000000,90,LEASEHOLD
DOH0614,0.0648,8000000,10,TENANT
DOH0615,0.0602,8000000,10,TENANT
DOH0616,0.0598,8000000,10,TENANT
DOH0617,0.1166,8000000,10,TENANT
DOH0618,0.0642,8000000,10,TENANT
DOH0619,0.0585,8000000,10,TENANT
DOH0620,0.0658,8000000,10,TENANT
DOH0621,0.0641,8000000,10,TENANT
DOH0622,0.1228,8000000,10,TENANT
DOH0623,0.1155,8000000,10,TENANT
DOH0624,0.1121,8000000,10,TENANT
DOH0625,0.1252,8000000,10,TENANT
DOH0625,0.0699,6000000,100,CUSTOMARY
DOH0627,0.1257,8000000,90,LEASEHOLD
DOH0628,0.0626,8000000,10,TENANT
DOH0629,0.0631,8000000,10,TENANT
DOH0630,0.061,6000000,100,CUSTOMARY
DOH0631,0.1858,8000000,90,LEASEHOLD
DOH0632,0.0648,8000000,10,TENANT
DOH0633,0.121,8000000,10,TENANT
DOH0634,0.1207,6000000,100,CUSTOMARY
DOH0635,1.8932,8000000,90,LEASEHOLD
DOH0636,0.0994,8000000,10,TENANT
DOH0637,0.0393,8000000,10,TENANT
DOH0638,0.0245,8000000,10,TENANT
DOH0639,0.01,8000000,10,TENANT
DOH0640,0.0025,8000000,10,TENANT
DOH0641,0.0061,8000000,10,TENANT
DOH0642,0.049,8000000,10,TENANT
DOH0643,0.1922,8000000,10,TENANT
DOH0644,0.0679,8000000,10,TENANT
DOH0645,0.1326,8000000,10,TENANT
DOH0646,0.1307,8000000,10,TENANT
DOH0647,0.1298,8000000,10,TENANT
DOH0648,0.1315,8000000,10,TENANT
DOH0649,0.0671,8000000,10,TENANT
DOH0650,0.0648,8000000,10,TENANT
DOH0651,0.0611,8000000,10,TENANT
DOH0652,0.0264,8000000,10,TENANT
DOH0653,0.0024,8000000,10,TENANT
DOH0653,0.0072,8000000,10,TENANT
DOH0655,0.0367,8000000,10,TENANT
DOH0656,0.1316,8000000,10,TENANT
DOH0657,0.1324,8000000,10,TENANT
DOH0658,0.348,8000000,10,TENANT
DOH0659,0.4091,6000000,90,CUSTOMARY
DOH0660,0.0001,6000000,10,TENANT
DOH0661,0.0365,6000000,10,TENANT
DOH0662,0.1344,6000000,10,TENANT
DOH0663,0.0742,6000000,10,TENANT
DOH0664,0.164,6000000,10,TENANT
DOH0665,0.0385,6000000,90,CUSTOMARY
DOH0666,0.0385,6000000,10,TENANT
DOH0667,0.0033,6000000,100,CUSTOMARY
DOH0668,0.2328,6000000,90,CUSTOMARY
DOH0669,0.0214,6000000,10,TENANT
DOH0670,0.0635,6000000,10,TENANT
DOH0671,0.0779,6000000,10,TENANT
DOH0672,0.0699,6000000,10,TENANT
DOH0673,0.0312,6000000,90,CUSTOMARY
DOH0674,0.0302,6000000,10,TENANT
DOH0675,0.0011,6000000,10,TENANT
DOH0676,0.4058,6000000,100,CUSTOMARY
DOH0677,0.0746,6000000,90,CUSTOMARY
DOH0678,0.0746,6000000,10,TENANT
DOH0679,0.3461,6000000,100,CUSTOMARY
DOH0680,0.2643,6000000,100,CUSTOMARY
DOH0681,0.3202,6000000,100,CUSTOMARY
DOH0682,0.1301,6000000,100,CUSTOMARY
DOH0683,0.0465,6000000,100,CUSTOMARY
DOH0684,0.0362,6000000,100,CUSTOMARY
DOH0685,0.0322,6000000,100,CUSTOMARY
DOH0686,0.015,6000000,100,CUSTOMARY
DOH0687,0.0073,6000000,100,CUSTOMARY
DOH0688,0.0368,6000000,100,CUSTOMARY
DOH0689,0.038,6000000,100,CUSTOMARY
DOH0690,0.0373,6000000,100,CUSTOMARY
DOH0691,0.3317,6000000,90,CUSTOMARY
DOH0692,0.0648,6000000,10,TENANT
DOH0693,0.0565,6000000,10,TENANT
DOH0694,0.096,6000000,10,TENANT
DOH0695,0.053,6000000,10,TENANT
DOH0696,0.0614,6000000,10,TENANT
DOH0697,0.12,6000000,100,CUSTOMARY
DOH0698,0.0616,8000000,90,LEASEHOLD
DOH0699,0.0616,8000000,10,TENANT
DOH0700,0.0628,6000000,100,CUSTOMARY
DOH0701,0.0575,8000000,90,LEASEHOLD
DOH0702,0.0575,8000000,10,TENANT
DOH0703,0.1345,6000000,100,CUSTOMARY
DOH0704,0.0703,6000000,100,CUSTOMARY
DOH0705,1.9719,8000000,90,LEASEHOLD
DOH0706,0.0693,8000000,10,TENANT
DOH0707,0.0711,8000000,10,TENANT
DOH0708,0.0673,8000000,10,TENANT
DOH0709,0.1334,8000000,10,TENANT
DOH0710,0.005,8000000,10,TENANT
DOH0711,0.0728,8000000,10,TENANT
DOH0712,0.07,8000000,10,TENANT
DOH0713,0.0708,8000000,10,TENANT
DOH0714,0.1372,8000000,10,TENANT
DOH0715,0.1478,8000000,10,TENANT
DOH0716,0.0688,8000000,10,TENANT
DOH0717,0.111,8000000,10,TENANT
DOH0718,0.0054,8000000,10,TENANT
DOH0719,0.0211,8000000,10,TENANT
DOH0720,0.1401,8000000,10,TENANT
DOH0721,0.1448,8000000,10,TENANT
DOH0722,0.0682,8000000,10,TENANT
DOH0723,0.0701,8000000,10,TENANT
DOH0724,0.0718,8000000,10,TENANT
DOH0725,0.0673,8000000,10,TENANT
DOH0726,0.0686,8000000,10,TENANT
DOH0727,0.0102,8000000,10,TENANT
DOH0728,0.0525,8000000,10,TENANT
DOH0729,0.0767,8000000,10,TENANT
DOH0730,0.0681,8000000,10,TENANT
DOH0731,0.0826,8000000,10,TENANT
DOH0732,0.3636,6000000,100,CUSTOMARY
DOH0733,0.0046,8000000,90,LEASEHOLD
DOH0734,0.0046,8000000,10,TENANT
DOH0735,0.0046,6000000,100,CUSTOMARY
DOH0736,0.0879,6000000,90,CUSTOMARY
DOH0737,0.0879,6000000,10,TENANT
DOH0738,0.0161,6000000,100,CUSTOMARY
DOH0739,0.3051,6000000,90,CUSTOMARY
DOH0740,0.3051,6000000,10,TENANT
DOH0741,0.4655,6000000,100,CUSTOMARY
DOH0742,0.7034,6000000,100,CUSTOMARY
DOH0743,0.6802,6000000,100,CUSTOMARY
DOH0744,0.684,6000000,100,CUSTOMARY
DOH0745,0.6877,6000000,100,CUSTOMARY
DOH0746,0.5527,6000000,100,CUSTOMARY
DOH0747,0.8717,8000000,100,LEASEHOLD
DOH0748,7.5932,8000000,90,LEASEHOLD
DOH0749,0.3723,8000000,10,TENANT
DOH0750,0.0358,8000000,10,TENANT
DOH0751,0.1792,8000000,10,TENANT
DOH0752,0.3552,8000000,10,TENANT
DOH0753,0.0542,8000000,10,TENANT
DOH0754,0.496,8000000,10,TENANT
DOH0755,0.7015,8000000,10,TENANT
DOH0756,0.0216,8000000,10,TENANT
DOH0757,0.7067,8000000,10,TENANT
DOH0758,0.3382,8000000,10,TENANT
DOH0759,0.3754,8000000,10,TENANT
DOH0760,0.4661,8000000,10,TENANT
DOH0761,0.245,8000000,10,TENANT
DOH0762,0.1544,8000000,10,TENANT
DOH0763,0.5307,8000000,10,TENANT
DOH0764,0.0854,8000000,10,TENANT
DOH0765,0.5946,8000000,10,TENANT
DOH0766,0.658,8000000,10,TENANT
DOH0767,0.029,8000000,10,TENANT
DOH0768,0.196,8000000,10,TENANT
DOH0769,0.4953,8000000,10,TENANT
DOH0770,0.3275,8000000,10,TENANT
DOH0771,0.1749,8000000,10,TENANT
DOH0772,0.1325,6000000,100,CUSTOMARY
DOH0773,0.2094,6000000,100,CUSTOMARY
DOH0774,0.0518,6000000,100,CUSTOMARY
DOH0775,0.4058,6000000,100,CUSTOMARY
DOH0776,0.3715,6000000,90,CUSTOMARY
DOH0777,0.2218,6000000,10,TENANT
DOH0778,0.1497,6000000,10,TENANT
DOH0779,0.0509,6000000,100,CUSTOMARY
DOH0780,0.0578,6000000,90,CUSTOMARY
DOH0781,0.0578,6000000,10,TENANT
DOH0782,0.0571,6000000,90,CUSTOMARY
DOH0783,0.0571,6000000,10,TENANT
DOH0784,0.3345,6000000,90,CUSTOMARY
DOH0785,0.3345,6000000,10,TENANT
DOH0786,0.1726,6000000,100,CUSTOMARY
DOH0787,0.0493,6000000,100,CUSTOMARY
DOH0788,0.0504,6000000,100,CUSTOMARY
DOH0789,0.1166,6000000,90,CUSTOMARY
DOH0790,0.1166,6000000,10,TENANT
DOH0791,0.0579,6000000,100,CUSTOMARY
DOH0792,0.0244,6000000,100,CUSTOMARY
DOH0793,0.3896,6000000,90,CUSTOMARY
DOH0794,0.3896,6000000,10,TENANT
DOH0795,0.1134,6000000,100,CUSTOMARY
DOH0796,0.372,6000000,100,CUSTOMARY
DOH0797,1.0214,6000000,90,CUSTOMARY
DOH0798,1.0214,6000000,10,TENANT
DOH0799,0.0054,6000000,100,CUSTOMARY
DOH0800,0.07,6000000,90,CUSTOMARY
DOH0801,0.07,6000000,10,TENANT
DOH0802,0.0885,6000000,100,CUSTOMARY
DOH0803,0.1282,6000000,90,CUSTOMARY
DOH0804,0.1282,6000000,10,TENANT
DOH0805,0.1037,6000000,100,CUSTOMARY
DOH0806,0.4517,6000000,90,CUSTOMARY
DOH0807,0.4517,6000000,10,TENANT
DOH0808,0.2124,6000000,100,CUSTOMARY
DOH0809,0.3334,6000000,90,CUSTOMARY
DOH0810,0.3334,6000000,10,TENANT
DOH0811,0.0129,6000000,90,CUSTOMARY
DOH0812,0.0129,6000000,10,TENANT
DOH0813,0.0069,6000000,90,CUSTOMARY
DOH0814,0.0069,6000000,10,TENANT
DOH0815,0.017,6000000,90,CUSTOMARY
DOH0816,0.017,6000000,10,TENANT
DOH0817,0.0057,6000000,100,CUSTOMARY
DOH0818,0.0983,6000000,90,CUSTOMARY
DOH0819,0.0983,6000000,10,TENANT
DOH0820,0.3014,6000000,100,CUSTOMARY
DOH0821,0.3554,6000000,100,CUSTOMARY
DOH0822,0.0013,6000000,100,CUSTOMARY
DOH0823,0.0496,6000000,100,CUSTOMARY
DOH0824,0.6379,6000000,100,CUSTOMARY
DOH0825,0.579,6000000,100,CUSTOMARY
DOH0826,0.2434,6000000,100,CUSTOMARY
DOH0827,0.3358,6000000,90,CUSTOMARY
DOH0828,0.3358,6000000,10,TENANT
DOH0829,0.1916,6000000,100,CUSTOMARY
DOH0830,0.1883,6000000,100,CUSTOMARY
DOH0831,0.3269,6000000,100,CUSTOMARY
DOH0832,0.1989,6000000,100,CUSTOMARY
DOH0833,0.1245,6000000,100,CUSTOMARY
DOH0834,0.0313,6000000,90,CUSTOMARY
DOH0835,0.0313,6000000,10,TENANT
DOH0836,0.4195,6000000,90,CUSTOMARY
DOH0837,0.4195,6000000,10,TENANT
DOH0838,0.072,6000000,90,CUSTOMARY
DOH0839,0.072,6000000,10,TENANT
DOH0840,0.1274,6000000,100,CUSTOMARY
DOH0841,0.1145,6000000,100,CUSTOMARY
DOH0842,0.0024,6000000,100,CUSTOMARY
DOH0843,0.2566,6000000,90,CUSTOMARY
DOH0844,0.2566,6000000,10,TENANT
DOH0845,1.3755,6000000,100,CUSTOMARY
DOH0846,0.0128,6000000,100,CUSTOMARY
DOH0847,0.4014,6000000,100,CUSTOMARY
DOH0848,0.6167,6000000,90,CUSTOMARY
DOH0849,0.0216,6000000,10,TENANT
DOH0850,0.1884,6000000,10,TENANT
DOH0851,0.4066,6000000,10,TENANT
DOH0852,0.3195,6000000,90,CUSTOMARY
DOH0853,0.213,6000000,10,TENANT
DOH0854,0.015,6000000,100,CUSTOMARY
DOH0855,0.1806,6000000,90,CUSTOMARY
DOH0856,0.1806,6000000,10,TENANT
DOH0857,0.4676,6000000,90,CUSTOMARY
DOH0858,0.4676,6000000,10,TENANT
DOH0859,0.2001,6000000,100,CUSTOMARY
DOH0860,0.349,6000000,100,CUSTOMARY
DOH0861,0.2353,6000000,100,CUSTOMARY
DOH0862,0.3219,6000000,90,CUSTOMARY
DOH0863,0.3219,6000000,10,TENANT
DOH0864,0.0525,6000000,100,CUSTOMARY
DOH0865,0.1509,6000000,100,CUSTOMARY
DOH0866,0.005,6000000,100,CUSTOMARY
DOH0867,0.0641,6000000,90,CUSTOMARY
DOH0868,0.0641,6000000,10,TENANT
DOH0869,0.5269,6000000,100,CUSTOMARY
DOH0870,0.1504,6000000,100,CUSTOMARY
DOH0871,0.9043,6000000,100,CUSTOMARY
DOH0872,0.5502,6000000,90,CUSTOMARY
DOH0873,0.5502,6000000,10,TENANT
DOH0874,0.0111,6000000,100,CUSTOMARY
DOH0875,0.2537,6000000,100,CUSTOMARY
DOH0876,0.2549,6000000,100,CUSTOMARY
DOH0877,0.0304,6000000,90,CUSTOMARY
DOH0878,0.0304,6000000,10,TENANT
DOH0879,0.16,6000000,100,CUSTOMARY
DOH0880,0.0772,6000000,100,CUSTOMARY
DOH0881,0.1023,6000000,100,CUSTOMARY
DOH0882,0.334,6000000,100,CUSTOMARY
DOH0883,0.7595,6000000,100,CUSTOMARY
DOH0884,0.126,6000000,100,CUSTOMARY
DOH0885,0.2233,6000000,100,CUSTOMARY
DOH0886,0.078,6000000,100,CUSTOMARY
DOH0887,0.0709,6000000,100,CUSTOMARY
DOH0888,0.8496,6000000,100,CUSTOMARY
DOH0889,0.0107,6000000,100,CUSTOMARY
DOH0890,0.0482,6000000,100,CUSTOMARY
DOH0891,0.0702,6000000,100,CUSTOMARY
DOH0892,0.0055,6000000,100,CUSTOMARY
DOH0893,0.0194,6000000,90,CUSTOMARY
DOH0894,0.0194,6000000,10,TENANT
DOH0895,0.0273,6000000,90,CUSTOMARY
DOH0896,0.0273,6000000,10,TENANT
DOH0897,0.0244,6000000,90,CUSTOMARY
DOH0898,0.0244,6000000,10,TENANT
DOH0899,0.0192,6000000,90,CUSTOMARY
DOH0900,0.0192,6000000,10,TENANT
DOH0901,0.0269,6000000,90,CUSTOMARY
DOH0902,0.0269,6000000,10,TENANT
DOH0903,0.1027,6000000,90,CUSTOMARY
DOH0904,0.1027,6000000,10,TENANT
DOH0905,0.0609,6000000,90,CUSTOMARY
DOH0906,0.0609,6000000,10,TENANT
DOH0907,0.0329,6000000,100,CUSTOMARY
DOH0908,0.1156,6000000,90,CUSTOMARY
DOH0909,0.1156,6000000,10,TENANT
DOH0910,0.1044,6000000,90,CUSTOMARY
DOH0911,0.1044,6000000,10,TENANT
DOH0912,0.1134,6000000,90,CUSTOMARY
DOH0913,0.1134,6000000,10,TENANT
DOH0914,0.1845,6000000,100,CUSTOMARY
DOH0915,0.1022,6000000,100,CUSTOMARY
DOH0916,0.0638,6000000,90,CUSTOMARY
DOH0917,0.0638,6000000,10,TENANT
DOH0918,0.0227,6000000,90,CUSTOMARY
DOH0919,0.0227,6000000,10,TENANT
DOH0920,0.0075,6000000,100,CUSTOMARY
DOH0921,0.1233,6000000,100,CUSTOMARY
DOH0922,0.0405,6000000,100,CUSTOMARY
DOH0923,0.2688,6000000,100,CUSTOMARY
DOH0924,0.0289,6000000,100,CUSTOMARY
DOH0925,0.0224,6000000,100,CUSTOMARY
DOH0926,0.0376,6000000,100,CUSTOMARY
DOH0927,0.029,6000000,100,CUSTOMARY
DOH0928,0.0311,6000000,100,CUSTOMARY
DOH0929,0.0487,6000000,100,CUSTOMARY
DOH0930,0.0587,6000000,100,CUSTOMARY
DOH0931,0.0523,6000000,100,CUSTOMARY
DOH0932,0.0363,6000000,100,CUSTOMARY
DOH0933,0.0764,6000000,90,CUSTOMARY
DOH0934,0.0764,6000000,10,TENANT
DOH0935,0.0681,6000000,90,CUSTOMARY
DOH0936,0.0681,6000000,10,TENANT
DOH0937,0.0798,6000000,90,CUSTOMARY
DOH0938,0.0798,6000000,10,TENANT
DOH0939,0.0202,6000000,90,CUSTOMARY
DOH0940,0.0202,6000000,10,TENANT
DOH0941,0.039,6000000,100,CUSTOMARY
DOH0942,0.0443,6000000,90,CUSTOMARY
DOH0943,0.0443,6000000,10,TENANT
DOH0944,0.0203,6000000,90,CUSTOMARY
DOH0945,0.0203,6000000,10,TENANT
DOH0946,0.1088,6000000,100,CUSTOMARY
DOH0947,5.2423,8000000,90,LEASEHOLD
DOH0948,0.044,8000000,10,TENANT
DOH0949,0.1295,8000000,10,TENANT
DOH0950,0.3374,8000000,10,TENANT
DOH0951,0.0824,8000000,10,TENANT
DOH0952,0.2546,8000000,10,TENANT
DOH0953,0.3126,8000000,10,TENANT
DOH0954,0.0345,8000000,10,TENANT
DOH0955,0.2823,8000000,10,TENANT
DOH0956,0.2823,8000000,10,TENANT
DOH0957,0.1665,8000000,10,TENANT
DOH0958,0.179,8000000,10,TENANT
DOH0959,0.2965,8000000,10,TENANT
DOH0960,0.0535,8000000,10,TENANT
DOH0961,0.3609,8000000,10,TENANT
DOH0962,0.5164,8000000,10,TENANT
DOH0963,0.009,8000000,10,TENANT
DOH0964,0.0936,8000000,10,TENANT
DOH0965,0.2636,8000000,10,TENANT
DOH0966,0.1959,8000000,10,TENANT
DOH0967,0.1521,8000000,10,TENANT
DOH0968,0.3187,8000000,10,TENANT
DOH0969,0.038,8000000,10,TENANT
DOH0970,0.3466,8000000,10,TENANT
DOH0971,0.3514,8000000,10,TENANT
DOH0972,0.1411,8000000,10,TENANT
DOH0973,0.2215,8000000,100,LEASEHOLD
DOH0974,0.4478,6000000,100,CUSTOMARY
DOH0975,0.173,6000000,90,CUSTOMARY
DOH0976,0.173,6000000,10,TENANT
DOH0977,0.0621,6000000,90,CUSTOMARY
DOH0978,0.0621,6000000,10,TENANT
DOH0979,0.149,6000000,100,CUSTOMARY
DOH0980,0.1092,6000000,100,CUSTOMARY
DOH0981,0.1414,6000000,100,CUSTOMARY
DOH0982,0.0436,6000000,100,CUSTOMARY
DOH0983,0.1158,6000000,100,CUSTOMARY
DOH0984,0.2214,6000000,100,CUSTOMARY
DOH0985,0.0467,6000000,90,CUSTOMARY
DOH0986,0.0467,6000000,10,TENANT
DOH0987,0.1769,6000000,100,CUSTOMARY
DOH0988,0.095,6000000,100,CUSTOMARY
DOH0989,0.0848,6000000,100,CUSTOMARY
DOH0990,0.0706,6000000,100,CUSTOMARY
DOH0991,0.0159,6000000,100,CUSTOMARY
DOH0992,0.8567,6000000,90,CUSTOMARY
DOH0993,0.1748,6000000,10,TENANT
DOH0994,0.2405,6000000,10,TENANT
DOH0995,0.1057,6000000,10,TENANT
DOH0996,0.3357,6000000,10,TENANT
DOH0997,0.0173,6000000,90,CUSTOMARY
DOH0998,0.0173,6000000,10,TENANT
DOH0999,0.4623,6000000,90,CUSTOMARY
DOH1000,0.145,6000000,10,TENANT
DOH1001,0.0213,6000000,10,TENANT
DOH1002,0.1699,6000000,10,TENANT
DOH1003,0.0026,6000000,10,TENANT
DOH1004,0.1236,6000000,10,TENANT
DOH1005,0.1414,6000000,100,CUSTOMARY
DOH1006,0.0927,6000000,90,CUSTOMARY
DOH1007,0.0927,6000000,10,TENANT
DOH1008,0.0973,6000000,90,CUSTOMARY
DOH1009,0.0973,6000000,10,TENANT
DOH1010,0.1129,6000000,100,CUSTOMARY
DOH1011,0.1949,6000000,90,CUSTOMARY
DOH1012,0.1949,6000000,10,TENANT
DOH1013,0.2159,6000000,90,CUSTOMARY
DOH1014,0.0445,6000000,10,TENANT
DOH1015,0.0372,6000000,10,TENANT
DOH1016,0.1343,6000000,10,TENANT
DOH1017,0.2031,6000000,90,CUSTOMARY
DOH1018,0.2031,6000000,10,TENANT
DOH1019,0.1079,6000000,100,CUSTOMARY
DOH1020,0.1294,6000000,100,CUSTOMARY
DOH1021,0.1678,6000000,100,CUSTOMARY
DOH1022,0.0606,6000000,100,CUSTOMARY
DOH1023,0.095,6000000,90,CUSTOMARY
DOH1024,0.095,6000000,10,TENANT
DOH1025,0.1145,6000000,90,CUSTOMARY
DOH1026,0.1145,6000000,10,TENANT
DOH1027,0.2074,6000000,90,CUSTOMARY
DOH1028,0.0855,6000000,10,TENANT
DOH1029,0.1218,6000000,10,TENANT
DOH1030,0.2692,6000000,90,CUSTOMARY
DOH1031,0.2692,6000000,10,TENANT
DOH1032,0.2627,6000000,90,CUSTOMARY
DOH1033,0.2627,6000000,10,TENANT
DOH1034,0.0956,6000000,90,CUSTOMARY
DOH1035,0.0956,6000000,10,TENANT
DOH1036,0.0398,6000000,90,CUSTOMARY
DOH1037,0.0398,6000000,10,TENANT
DOH1038,0.053,6000000,90,CUSTOMARY
DOH1039,0.053,6000000,10,TENANT
DOH1040,0.0616,6000000,90,CUSTOMARY
DOH1041,0.0616,6000000,10,TENANT
DOH1042,0.0778,6000000,90,CUSTOMARY
DOH1043,0.0778,6000000,10,TENANT
DOH1044,0.0881,6000000,90,CUSTOMARY
DOH1045,0.0881,6000000,10,TENANT
DOH1046,0.0189,6000000,100,CUSTOMARY
DOH1047,0.1125,6000000,90,CUSTOMARY
DOH1048,0.1125,6000000,10,TENANT
DOH1049,0.0621,6000000,90,CUSTOMARY
DOH1050,0.0621,6000000,10,TENANT
DOH1051,0.017,6000000,100,CUSTOMARY
DOH1052,0.1111,6000000,100,CUSTOMARY
DOH1053,0.1468,6000000,100,CUSTOMARY
DOH1054,0.0719,6000000,100,CUSTOMARY
DOH1055,0.6631,6000000,100,CUSTOMARY
DOH1056,0.023,6000000,90,CUSTOMARY
DOH1057,0.023,6000000,10,TENANT
DOH1058,0.071,6000000,90,CUSTOMARY
DOH1059,0.071,6000000,10,TENANT
DOH1060,0.0039,6000000,100,CUSTOMARY
DOH1061,0.4926,6000000,100,CUSTOMARY
DOH1062,0.491,6000000,100,CUSTOMARY
DOH1063,0.8797,8000000,90,LEASEHOLD
DOH1064,0.0889,8000000,10,TENANT
DOH1065,0.194,8000000,10,TENANT
DOH1066,0.0845,8000000,10,TENANT
DOH1067,0.0719,8000000,10,TENANT
DOH1068,0.0794,8000000,10,TENANT
DOH1069,0.0762,8000000,10,TENANT
DOH1070,0.0674,8000000,10,TENANT
DOH1071,0.0578,8000000,10,TENANT
DOH1072,0.153,8000000,10,TENANT
DOH1073,0.0064,8000000,10,TENANT
DOH1074,0.2638,6000000,100,CUSTOMARY
DOH1075,0.2643,6000000,90,CUSTOMARY
DOH1076,0.2643,6000000,10,TENANT
DOH1077,0.2843,6000000,100,CUSTOMARY
DOH1078,0.1066,6000000,100,CUSTOMARY
DOH1079,0.6095,6000000,90,CUSTOMARY
DOH1080,0.1601,6000000,10,TENANT
DOH1081,0.1069,6000000,10,TENANT
DOH1082,0.0099,6000000,10,TENANT
DOH1083,0.0684,6000000,10,TENANT
DOH1084,0.096,6000000,10,TENANT
DOH1085,0.1682,6000000,10,TENANT
DOH1086,0.0184,6000000,90,CUSTOMARY
DOH1087,0.0184,6000000,10,TENANT
DOH1088,0.0671,6000000,90,CUSTOMARY
DOH1089,0.0671,6000000,10,TENANT
DOH1090,0.0712,6000000,100,CUSTOMARY
DOH1091,0.9098,6000000,90,CUSTOMARY
DOH1092,0.0677,6000000,10,TENANT
DOH1093,0.0726,6000000,10,TENANT
DOH1094,0.2108,6000000,10,TENANT
DOH1095,0.2108,6000000,10,TENANT
DOH1096,0.069,6000000,10,TENANT
DOH1097,0.0696,6000000,10,TENANT
DOH1098,0.0703,6000000,10,TENANT
DOH1099,0.139,6000000,10,TENANT
DOH1100,0.139,6000000,100,CUSTOMARY
DOH1101,0.4778,6000000,90,CUSTOMARY
DOH1102,0.4778,6000000,10,TENANT
DOH1104,0.3056,6000000,100,CUSTOMARY
DOH1105,0.2957,6000000,100,CUSTOMARY
DOH1106,1.8219,8000000,90,LEASEHOLD
DOH1107,0.0058,8000000,10,TENANT
DOH1108,0.0532,8000000,10,TENANT
DOH1109,0.068,8000000,10,TENANT
DOH1110,0.0688,8000000,10,TENANT
DOH1111,0.0712,8000000,10,TENANT
DOH1112,0.1112,8000000,10,TENANT
DOH1113,0.0874,8000000,10,TENANT
DOH1114,0.1574,8000000,10,TENANT
DOH1115,0.0781,8000000,10,TENANT
DOH1116,0.0785,8000000,10,TENANT
DOH1117,0.0513,8000000,10,TENANT
DOH1118,0.0179,8000000,10,TENANT
DOH1119,0.0206,8000000,10,TENANT
DOH1120,0.1524,8000000,10,TENANT
DOH1121,0,8000000,10,TENANT
DOH1122,0.0868,8000000,10,TENANT
DOH1123,0.0869,8000000,10,TENANT
DOH1124,0.0901,8000000,10,TENANT
DOH1125,0.0822,8000000,10,TENANT
DOH1126,0.0838,8000000,10,TENANT
DOH1127,0.0687,8000000,10,TENANT
DOH1128,0.1034,8000000,10,TENANT
DOH1129,0.0924,8000000,10,TENANT
DOH1130,0.001,8000000,10,TENANT
DOH1131,0.0499,8000000,10,TENANT
DOH1132,0.0287,8000000,10,TENANT
DOH1133,0.0263,8000000,10,TENANT
DOH1134,0.2728,6000000,100,CUSTOMARY
DOH1135,0.0001,6000000,100,CUSTOMARY
DOH1136,0.0738,6000000,100,CUSTOMARY
DOH1137,0.0616,6000000,100,CUSTOMARY
