IK0001, 0.0008 ,100%,800000000
IK0002, 0.0090 ,100%,800000000
IK0003, 0.0035 ,100%,40000000
IK0004, 0.0013 ,100%,40000000
IK0005, 0.0024 ,100%,40000000
IK0006, 0.0280 ,100%,40000000
IK0007, 0.0073 ,100%,40000000
IK0008, 0.0272 ,100%,40000000
IK0009, 0.0039 ,100%,40000000
IK0010, 0.0071 ,100%,40000000
IK0011, 0.0080 ,100%,40000000
IK0012, 0.0037 ,100%,40000000
IK0013, 0.0046 ,100%,40000000
IK0014, 0.0188 ,100%,40000000
IK0015, 0.0446 ,100%,40000000
IK0016, 0.0087 ,100%,40000000
IK0017, 0.0134 ,100%,40000000
IK0018, 0.0123 ,100%,40000000
IK0019, 0.0042 ,100%,40000000
IK0020, 0.0042 ,100%,40000000
IK0021, 0.0055 ,100%,40000000
IK0022, -   ,0%,40000000
IK0023, 0.0069 ,100%,40000000
IK0024, 0.0031 ,100%,40000000
IK0025, 0.0050 ,100%,40000000
IK0026, 0.0030 ,100%,40000000
IK0027, 0.0042 ,100%,40000000
IK0028, 0.0049 ,100%,40000000
IK0029, 0.0181 ,100%,40000000
IK0030, 0.0105 ,100%,40000000
IK0031, 0.0086 ,100%,40000000
IK0032, 0.0042 ,100%,40000000
IK0033, 0.0037 ,100%,40000000
IK0034, 0.0033 ,100%,40000000
IK0035, 0.0037 ,100%,40000000
IK0036, 0.0038 ,100%,40000000
IK0037, 0.0045 ,100%,40000000
IK0038, 0.0035 ,100%,40000000
IK0039, 0.0039 ,100%,40000000
IK0040, 0.0024 ,100%,40000000
IK0041, 0.0059 ,100%,40000000
IK0042, 0.0081 ,100%,40000000
IK0043, 0.0035 ,100%,40000000
IK0044, 0.0029 ,100%,40000000
IK0045, 0.0094 ,100%,40000000
IK0046, 0.0151 ,100%,40000000
IK0047, 0.0527 ,100%,24000000
IK0048, 0.0626 ,100%,24000000
IK0049, 0.0369 ,100%,24000000
IK0050, 0.0263 ,100%,24000000
IK0051, 0.0080 ,100%,24000000
IK0052, 0.0092 ,100%,24000000
IK0053, 0.0151 ,100%,24000000
IK0054, 0.0051 ,100%,24000000
IK0055, 0.0100 ,100%,24000000
IK0056, 0.0153 ,100%,24000000
IK0057, 0.0095 ,100%,24000000
IK0058, 0.0827 ,100%,24000000
IK0059, 0.0244 ,100%,24000000
IK0060, 0.0021 ,100%,24000000
IK0061, 0.0052 ,100%,24000000
IK0062, 0.0052 ,100%,24000000
IK0063, 0.0933 ,100%,24000000
IK0064, 0.0606 ,100%,24000000
IK0065, 0.0294 ,100%,24000000
IK0066, 0.0268 ,100%,24000000
IK0067, 0.0066 ,100%,24000000
IK0068, 0.0124 ,100%,24000000
IK0069, 0.0067 ,100%,24000000
IK0070, 0.0110 ,100%,24000000
IK0071, 0.0046 ,100%,24000000
IK0072, 0.0103 ,100%,24000000
IK0073, 0.0048 ,100%,24000000
IK0074, 0.0316 ,100%,24000000
IK0075, 0.0261 ,100%,24000000
IK0076, 0.0143 ,100%,24000000
IK0077, 0.0027 ,100%,24000000
IK0078, 0.0306 ,100%,24000000
IK0079, 0.0261 ,100%,24000000
IK0080, 0.0135 ,100%,24000000
IK0081, 0.0259 ,100%,40000000
IK0082, 0.0325 ,100%,40000000
IK0083, 0.0105 ,100%,40000000
IK0084, 0.0125 ,100%,40000000
IK0085, 0.0094 ,100%,40000000
IK0086, 0.0053 ,100%,40000000
IK0087, 0.0058 ,100%,40000000
IK0088, 0.0083 ,100%,40000000
IK0089, 0.0125 ,100%,40000000
IK0090, 0.0052 ,100%,40000000
IK0091, 0.0102 ,100%,40000000
IK0092, 0.0028 ,100%,40000000
IK0093, 0.0062 ,100%,40000000
IK0094, 0.0089 ,100%,40000000
IK0095, 0.0103 ,100%,40000000
IK0096, 0.0088 ,100%,40000000
IK0097, 0.0107 ,100%,40000000
IK0098, 0.0068 ,100%,40000000
IK0099, 0.0063 ,100%,40000000
IK0100, 0.0051 ,100%,40000000
IK0101, 0.0049 ,100%,40000000
IK0102, 0.0341 ,100%,40000000
IK0103, 0.0038 ,100%,40000000
IK0104, 0.0053 ,100%,40000000
IK0105, 0.0041 ,100%,40000000
IK0106, 0.0067 ,100%,40000000
IK0107, 0.0046 ,100%,40000000
IK0108, 0.0076 ,100%,40000000
IK0109, 0.0037 ,100%,40000000
IK0110, 0.0043 ,100%,40000000
IK0111, 0.0050 ,100%,40000000
IK0112, 0.0073 ,100%,40000000
IK0113, 0.0068 ,100%,40000000
IK0114, 0.0081 ,100%,40000000
IK0115, 0.0074 ,100%,40000000
IK0116, 0.0070 ,100%,40000000
IK0117, 0.0419 ,100%,40000000
IK0118, 0.0126 ,100%,40000000
IK0119, 0.0596 ,100%,40000000
IK0120, 0.0072 ,100%,40000000
IK0121, 0.0326 ,100%,40000000
IK0122, 0.0169 ,100%,40000000
IK0123, 0.0120 ,100%,40000000
IK0124, 0.0167 ,100%,40000000
IK0125, 0.0094 ,100%,40000000
IK0126, 0.0090 ,100%,40000000
IK0127, 0.0072 ,100%,40000000
IK0128, 0.0084 ,100%,40000000
IK0129, 0.0792 ,100%,40000000
IK0130, -   ,100%,40000000
IK0131, 0.0060 ,100%,40000000
IK0132, 0.0194 ,100%,40000000
IK0133, 0.0569 ,100%,40000000
IK0134, 0.0397 ,100%,32000000
IK0135, 0.0175 ,100%,32000000
IK0136, 0.0068 ,100%,32000000
IK0137, 0.0077 ,100%,32000000
IK0138, 0.0046 ,100%,32000000
IK0139, 0.0047 ,100%,32000000
IK0140, 0.0103 ,100%,32000000
IK0141, 0.0179 ,100%,32000000
IK0142, 0.0117 ,100%,32000000
IK0143, 0.0123 ,100%,32000000
IK0144, 0.0034 ,100%,32000000
IK0145, 0.0099 ,100%,32000000
IK0146, 0.0092 ,100%,32000000
IK0147, 0.0054 ,100%,32000000
IK0148, 0.0063 ,100%,32000000
IK0149, 0.0034 ,100%,32000000
IK0150, 0.0098 ,100%,32000000
IK0151, 0.0116 ,100%,32000000
IK0152, 0.0077 ,100%,32000000
IK0153, 0.0201 ,100%,32000000
IK0154, 0.0078 ,100%,32000000
IK0155, 0.0036 ,100%,32000000
IK0156, 0.0365 ,100%,32000000
IK0157, 0.0075 ,100%,32000000
IK0158, 0.0046 ,100%,32000000
IK0159, 0.0035 ,100%,32000000
IK0160, 0.0053 ,100%,32000000
IK0161, 0.0076 ,100%,32000000
IK0162, 0.0063 ,100%,32000000
IK0163, 0.0042 ,100%,32000000
IK0164, 0.0048 ,100%,32000000
IK0165, 0.0066 ,100%,32000000
IK0166, 0.0043 ,100%,32000000
IK0167, 0.0060 ,100%,32000000
IK0168, 0.0051 ,100%,32000000
IK0169, 0.0060 ,100%,32000000
IK0170, 0.0061 ,100%,32000000
IK0171, 0.0205 ,100%,32000000
IK0172, 0.0059 ,100%,32000000
IK0173, 0.0123 ,100%,32000000
IK0175, 0.0530 ,100%,32000000
IK0176, 0.0201 ,100%,32000000
IK0177, 0.0588 ,100%,32000000
IK0178, 0.0188 ,100%,32000000
IK0179, 0.0190 ,100%,32000000
IK0180, 0.0742 ,100%,32000000
IK0181, 0.0381 ,100%,32000000
IK0182, 0.0374 ,100%,32000000
IK0183, 0.0160 ,100%,32000000
IK0184, 0.0124 ,100%,32000000
IK0185, 0.0124 ,100%,32000000
IK0186, 0.0155 ,100%,32000000
IK0187, 0.0159 ,100%,32000000
IK0188, 0.0098 ,100%,32000000
IK0189, 0.0134 ,100%,32000000
IK0190, 0.0071 ,100%,32000000
IK0191, 0.0059 ,100%,32000000
IK0192, 0.0227 ,100%,32000000
IK0193, 0.0455 ,100%,32000000
IK0194, 0.0153 ,100%,32000000
IK0195, 0.0090 ,100%,32000000
IK0196, 0.0076 ,100%,32000000
IK0197, 0.0048 ,100%,32000000
IK0198, 0.0326 ,100%,32000000
IK0199, 0.0578 ,100%,32000000
IK0200, 0.0092 ,100%,32000000
IK0201, 0.0066 ,100%,32000000
IK0202, 0.0050 ,100%,32000000
IK0203, 0.0049 ,100%,32000000
IK0204, 0.0058 ,100%,32000000
IK0205, 0.0068 ,100%,32000000
IK0206, 0.0113 ,100%,32000000
IK0207, 0.0124 ,100%,32000000
IK0208, 0.0084 ,100%,32000000
IK0209, 0.0129 ,100%,32000000
IK0210, 0.0093 ,100%,32000000
IK0211, 0.0076 ,100%,32000000
IK0212, 0.0856 ,100%,32000000
IK0213, 0.1551 ,100%,32000000
IK0214, 0.0090 ,100%,32000000
IK0215, 0.0192 ,100%,32000000
IK0216, 0.0047 ,100%,32000000
IK0217, 0.0075 ,100%,32000000
IK0218, 0.1147 ,100%,32000000
IK0219, 0.0206 ,100%,32000000
IK0220, 0.0049 ,100%,32000000
IK0221, 0.0114 ,100%,32000000
IK0222, 0.0085 ,100%,32000000
IK0223, 0.0049 ,100%,32000000
IK0224, 0.0055 ,100%,32000000
IK0225, 0.0058 ,100%,32000000
IK0226, 0.0112 ,100%,32000000
IK0227, 0.0043 ,100%,32000000
IK0228, 0.0043 ,100%,32000000
IK0229, 0.0052 ,100%,32000000
IK0230, 0.0062 ,100%,32000000
IK0231, 0.0084 ,100%,32000000
IK0232, 0.0308 ,100%,32000000
IK0233, 0.0110 ,100%,32000000
IK0234, 0.0092 ,100%,32000000
IK0235, 0.0065 ,100%,32000000
IK0236, 0.0062 ,100%,32000000
IK0237, 0.0089 ,100%,32000000
IK0238, 0.0437 ,100%,32000000
IK0239, 0.0284 ,100%,32000000
IK0240, 0.0344 ,100%,32000000
IK0241, 0.0146 ,100%,32000000
IK0242, 0.0823 ,100%,32000000
IK0243, -   ,0%,32000000
IK0244, 0.0126 ,100%,20000000
IK0245, 0.0109 ,100%,20000000
IK0246, 0.0057 ,100%,20000000
IK0247, 0.0050 ,100%,20000000
IK0248, 0.0258 ,100%,20000000
IK0249, 0.0139 ,100%,20000000
IK0250, 0.0041 ,100%,20000000
IK0251, 0.0120 ,100%,20000000
IK0252, 0.0081 ,100%,20000000
IK0253, 0.0049 ,100%,20000000
IK0254, 0.0028 ,100%,20000000
IK0255, 0.0052 ,100%,20000000
IK0256, 0.0079 ,100%,20000000
IK0257, 0.0102 ,100%,20000000
IK0258, 0.0100 ,100%,20000000
IK0259, 0.0139 ,100%,20000000
IK0260, 0.0036 ,100%,20000000
IK0261, 0.0088 ,100%,20000000
IK0262, 0.0132 ,100%,20000000
IK0263, 0.0074 ,100%,20000000
IK0264, 0.0074 ,100%,20000000
IK0265, 0.0077 ,100%,20000000
IK0266, 0.0122 ,100%,20000000
IK0267, 0.0318 ,100%,20000000
IK0268, 0.0025 ,100%,20000000
IK0269, 0.0272 ,100%,20000000
IK0270, 0.0062 ,100%,20000000
IK0271, 0.0044 ,100%,20000000
IK0272, 0.0059 ,100%,20000000
IK0273, 0.1553 ,100%,20000000
IK0274, 0.0417 ,100%,20000000
IK0275, 0.0380 ,100%,24000000
IK0276, 0.1047 ,100%,24000000
IK0277, 0.0182 ,100%,24000000
IK0278, 0.0216 ,100%,24000000
IK0279, 0.0131 ,100%,24000000
IK0280, 0.0102 ,100%,24000000
IK0282, 0.0312 ,100%,24000000
IK0283, 0.0138 ,100%,24000000
IK0284, 0.0046 ,100%,24000000
IK0285, 0.0040 ,100%,24000000
IK0286, 0.0063 ,100%,24000000
IK0287, 0.0025 ,100%,24000000
IK0288, 0.0162 ,100%,24000000
IK0289, 0.0063 ,100%,24000000
IK0290, 0.0066 ,100%,24000000
IK0291, 0.0056 ,100%,24000000
IK0292, 0.0067 ,100%,24000000
IK0293, 0.0061 ,100%,24000000
IK0294, 0.0059 ,100%,24000000
IK0295, 0.1652 ,100%,24000000
IK0296, 0.0048 ,100%,24000000
IK0297, 0.0102 ,100%,24000000
IK0298, 0.0061 ,100%,24000000
IK0299, 0.0057 ,100%,24000000
IK0300, 0.0070 ,100%,24000000
IK0301, 0.0126 ,100%,24000000
IK0302, 0.0070 ,100%,24000000
IK0303, 0.0183 ,100%,24000000
IK0304, 0.0117 ,100%,24000000
IK0305, 0.0171 ,100%,24000000
IK0306, 0.0322 ,100%,24000000
IK0307, 0.0138 ,100%,24000000
IK0308, 0.0183 ,100%,24000000
IK0309, 0.0099 ,100%,24000000
IK0310, 0.0246 ,100%,24000000
IK0311, 0.0201 ,100%,24000000
IK0312, 0.0142 ,100%,24000000
IK0313, 0.0190 ,100%,24000000
IK0314, 0.0221 ,100%,24000000
IK0315, 0.0152 ,100%,24000000
IK0316, 0.0134 ,100%,24000000
IK0317, 0.0057 ,100%,24000000
IK0318, 0.0096 ,100%,24000000
IK0319, 0.0064 ,100%,24000000
IK0320, 0.0133 ,100%,24000000
IK0321, 0.0664 ,100%,24000000
IK0322, 0.0098 ,100%,24000000
IK0323, 0.0050 ,100%,24000000
IK0324, 0.0078 ,100%,24000000
IK0325, 0.0076 ,100%,24000000
IK0326, 0.0102 ,100%,24000000
IK0327, 0.0110 ,100%,24000000
IK0328, 0.0118 ,100%,24000000
IK0329, 0.0295 ,100%,24000000
IK0330, 0.0845 ,100%,24000000
IK0331, 0.1052 ,100%,24000000
IK0332, 0.0622 ,100%,24000000
IK0333, 0.1498 ,100%,24000000
IK0334, 0.1257 ,100%,24000000
IK0335, 0.0613 ,100%,24000000
IK0336, 0.0077 ,100%,24000000
IK0337, -   ,0%,24000000
IK0338, 0.0719 ,100%,24000000
IK0340, 0.0196 ,100%,24000000
IK0342, 0.0035 ,100%,24000000
IK0343, 0.0085 ,100%,24000000
IK0344, 0.0081 ,100%,24000000
IK0345, 0.0232 ,100%,24000000
IK0346, 0.0190 ,100%,24000000
IK0347, 0.0133 ,100%,24000000
IK0348, 0.0087 ,100%,24000000
IK0349, 0.0055 ,100%,24000000
IK0350, 0.0228 ,100%,24000000
IK0352, 0.0048 ,100%,24000000
IK0353, 0.0099 ,100%,24000000
IK0354, 0.0080 ,100%,24000000
IK0355, 0.0077 ,100%,24000000
IK0356, 0.0098 ,100%,24000000
IK0357, 0.0031 ,100%,24000000
IK0358, 0.0083 ,100%,24000000
IK0359, 0.0095 ,100%,24000000
IK0360, 0.0061 ,100%,24000000
IK0361, 0.0048 ,100%,24000000
IK0362, 0.0060 ,100%,24000000
IK0363, 0.0312 ,100%,24000000
IK0364, 0.0242 ,100%,24000000
IK0365, 0.0225 ,100%,24000000
IK0366, 0.0028 ,100%,24000000
IK0367, 0.2478 ,100%,24000000
IK0368, 0.0058 ,100%,24000000
IK0369, 0.0043 ,100%,24000000
IK0370, 0.0034 ,100%,24000000
IK0371, 0.0043 ,100%,24000000
IK0372, 0.0038 ,100%,24000000
IK0373, 0.0052 ,100%,24000000
IK0374, 0.0151 ,100%,24000000
IK0375, 0.0098 ,100%,24000000
IK0376, 0.0161 ,100%,24000000
IK0377, 0.0049 ,100%,24000000
IK0378, 0.0122 ,100%,24000000
IK0379, 0.0092 ,100%,24000000
IK0380, 0.0076 ,100%,24000000
IK0381, 0.0066 ,100%,24000000
IK0382, 0.0132 ,100%,24000000
IK0383, 0.0375 ,100%,24000000
IK0384, 0.0137 ,100%,40000000
IK0385, 0.0038 ,100%,40000000
IK0386, 0.0045 ,100%,40000000
IK0387, 0.0037 ,100%,40000000
IK0388, 0.0088 ,100%,40000000
IK0389, 0.0070 ,100%,40000000
IK0390, 0.0061 ,100%,40000000
IK0391, 0.0061 ,100%,40000000
IK0392, 0.0048 ,100%,40000000
IK0393, 0.0065 ,100%,40000000
IK0394, 0.0085 ,100%,40000000
IK0395, 0.0037 ,100%,40000000
IK0396, 0.0045 ,100%,40000000
IK0397, 0.0038 ,100%,40000000
IK0398, 0.0077 ,100%,40000000
IK0399, 0.0033 ,100%,40000000
IK0400, 0.0042 ,100%,40000000
IK0401, 0.0124 ,100%,40000000
IK0402, 0.0041 ,100%,40000000
IK0403, 0.0067 ,100%,40000000
IK0404, 0.0046 ,100%,40000000
IK0405, 0.0034 ,100%,40000000
IK0406, 0.0025 ,100%,40000000
IK0407, 0.0048 ,100%,40000000
IK0408, 0.0052 ,100%,40000000
IK0409, 0.0044 ,100%,40000000
IK0410, 0.0052 ,100%,40000000
IK0411, 0.0069 ,100%,40000000
IK0412, 0.0084 ,100%,40000000
IK0413, 0.0083 ,100%,40000000
IK0414, 0.0089 ,100%,40000000
IK0415, 0.0073 ,100%,40000000
IK0416, 0.0075 ,100%,40000000
IK0417, 0.0094 ,100%,40000000
IK0418, 0.0079 ,100%,40000000
IK0419, 0.0058 ,100%,40000000
IK0420, 0.0016 ,100%,40000000
IK0421, 0.0052 ,100%,40000000
IK0422, 0.0429 ,100%,40000000
IK0423, 0.0092 ,100%,40000000
IK0424, 0.0052 ,100%,40000000
IK0425, 0.0093 ,100%,40000000
IK0426, 0.0044 ,100%,40000000
IK0427, 0.0041 ,100%,40000000
IK0428, 0.0063 ,100%,40000000
IK0429, 0.0151 ,100%,40000000
IK0430, 0.0092 ,100%,40000000
IK0431, 0.0071 ,100%,40000000
IK0432, 0.0043 ,100%,40000000
IK0433, 0.0050 ,100%,40000000
IK0434, 0.0038 ,100%,40000000
IK0435, 0.0025 ,100%,40000000
IK0436, 0.0041 ,100%,40000000
IK0437, 0.0040 ,100%,40000000
IK0438, 0.0094 ,100%,40000000
IK0439, 0.0148 ,100%,40000000
IK0440, 0.0121 ,100%,40000000
IK0441, 0.0092 ,100%,40000000
IK0442, 0.0061 ,100%,40000000
IK0443, 0.0458 ,100%,40000000
IK0444, 0.0360 ,100%,40000000
IK0445, 0.0205 ,100%,40000000
IK0446, 0.0248 ,100%,40000000
IK0447, 0.0068 ,100%,40000000
IK0448, 0.0069 ,100%,40000000
IK0449, 0.0067 ,100%,40000000
IK0450, 0.0080 ,100%,40000000
IK0451, 0.0071 ,100%,40000000
IK0452, 0.0052 ,100%,40000000
IK0453, 0.0041 ,100%,40000000
IK0454, 0.0027 ,100%,40000000
IK0455, 0.0040 ,100%,40000000
IK0456, 0.0044 ,100%,40000000
IK0457, 0.0079 ,100%,40000000
IK0458, 0.0500 ,100%,40000000
IK0459, 0.0100 ,100%,40000000
IK0460, 0.0249 ,100%,40000000
IK0461, 0.0073 ,100%,40000000
IK0462, 0.0911 ,100%,40000000
IK0463, 0.0071 ,100%,40000000
IK0464, 0.0132 ,100%,40000000
IK0465, 0.0027 ,100%,40000000
IK0466, 0.0040 ,100%,40000000
IK0467, 0.0097 ,100%,40000000
IK0468, 0.0102 ,100%,40000000
IK0469, 0.0291 ,100%,40000000
IK0470, 0.0069 ,100%,40000000
IK0471, 0.0036 ,100%,40000000
IK0472, 0.0033 ,100%,40000000
IK0473, 0.0089 ,100%,40000000
IK0474, 0.0109 ,100%,40000000
IK0475, 0.0361 ,100%,40000000
IK0476, 0.0317 ,100%,40000000
IK0477, 0.0144 ,100%,40000000
IK0478, 0.0097 ,100%,40000000
IK0479, 0.0054 ,100%,40000000
IK0480, 0.0052 ,100%,40000000
IK0481, 0.0162 ,100%,40000000
IK0482, 0.0038 ,100%,40000000
IK0483, 0.0098 ,100%,40000000
IK0484, 0.0098 ,100%,40000000
IK0485, 0.0062 ,100%,40000000
IK0486, 0.0042 ,100%,40000000
IK0487, 0.0042 ,100%,40000000
IK0488, 0.0044 ,100%,40000000
IK0489, 0.0078 ,100%,40000000
IK0490, 0.0123 ,100%,40000000
IK0491, 0.0298 ,100%,40000000
IK0492, 0.0039 ,100%,40000000
IK0493, 0.0015 ,100%,40000000
IK0494, 0.0220 ,100%,40000000
IK0495, 0.0071 ,100%,40000000
IK0496, 0.0020 ,100%,40000000
IK0497, 0.0179 ,100%,40000000
IK0498, 0.0015 ,100%,40000000
IK0499, 0.0060 ,100%,40000000
IK0500, 0.0052 ,100%,40000000
IK0501, 0.0071 ,100%,40000000
IK0502, 0.0073 ,100%,40000000
IK0503, 0.0026 ,100%,40000000
IK0504, 0.0024 ,100%,40000000
IK0505, 0.0078 ,100%,40000000
IK0506, 0.0118 ,100%,40000000
IK0506-1, 0.1674 ,100%,40000000
IK0506-2, 0.1605 ,100%,40000000
IK0507, 0.0043 ,100%,40000000
IK0508, 0.0034 ,100%,40000000
IK0509, 0.0025 ,100%,40000000
IK0510, 0.0051 ,100%,40000000
IK0511, 0.0071 ,100%,40000000
IK0512, 0.0049 ,100%,40000000
IK0513, 0.0054 ,100%,40000000
IK0514, 0.0042 ,100%,40000000
IK0515, 0.0068 ,100%,40000000
IK0516, 0.0056 ,100%,40000000
IK0517, 0.0051 ,100%,40000000
IK0518, 0.0048 ,100%,40000000
IK0519, 0.0050 ,100%,40000000
IK0520, 0.0058 ,100%,40000000
IK0521, 0.0056 ,100%,40000000
IK0522, 0.0114 ,100%,40000000
IK0524, 0.0065 ,100%,40000000
IK0525, 0.0046 ,100%,40000000
IK0526, 0.0034 ,100%,40000000
IK0527, 0.0035 ,100%,40000000
IK0528, 0.0037 ,100%,40000000
IK0529, 0.0046 ,100%,40000000
IK0530, 0.0037 ,100%,40000000
IK0531, 0.0037 ,100%,40000000
IK0532, 0.0060 ,100%,40000000
IK0533, 0.0074 ,100%,40000000
IK0534, 0.0053 ,100%,40000000
IK0535, 0.0062 ,100%,40000000
IK0536, 0.0059 ,100%,40000000
IK0537, 0.0061 ,100%,40000000
IK0538, 0.0065 ,100%,40000000
IK0539, 0.0056 ,100%,40000000
IK0540, 0.0056 ,100%,40000000
IK0541, 0.1585 ,100%,40000000
IK0542, 0.0054 ,100%,40000000
IK0543, 0.0020 ,100%,40000000
IK0544, 0.0048 ,100%,40000000
IK0545, 0.0060 ,100%,40000000
IK0546, 0.0130 ,100%,40000000
IK0547, 0.0131 ,100%,40000000
IK0548, 0.0048 ,100%,40000000
IK0549, 0.0038 ,100%,40000000
IK0550, 0.0024 ,100%,40000000
IK0551, 0.0028 ,100%,40000000
IK0552, 0.0034 ,100%,40000000
IK0553, 0.0066 ,100%,40000000
IK0554, 0.0072 ,100%,40000000
IK0555, 0.0031 ,100%,40000000
IK0556, 0.0050 ,100%,40000000
IK0557, 0.0050 ,100%,40000000
IK0558, 0.0053 ,100%,40000000
IK0559, 0.0047 ,100%,40000000
IK0560, 0.0045 ,100%,40000000
IK0561, 0.0060 ,100%,40000000
IK0562, 0.0046 ,100%,40000000
IK0563, 0.0044 ,100%,40000000
IK0564, 0.0027 ,100%,40000000
IK0565, 0.0032 ,100%,40000000
IK0566, 0.0032 ,100%,40000000
IK0567, 0.0032 ,100%,40000000
IK0568, 0.0039 ,100%,40000000
IK0569, 0.0057 ,100%,40000000
IK0570, 0.0262 ,100%,40000000
IK0571, 0.0051 ,100%,40000000
IK0572, 0.0038 ,100%,40000000
IK0573, 0.0035 ,100%,40000000
IK0574, 0.0042 ,100%,40000000
IK0575, 0.0035 ,100%,40000000
IK0576, 0.0048 ,100%,40000000
IK0577, 0.0022 ,100%,40000000
IK0578, 0.0064 ,100%,40000000
IK0579, 0.0031 ,100%,40000000
IK0580, 0.0051 ,100%,40000000
IK0581, 0.0019 ,100%,40000000
IK0582, 0.0030 ,100%,40000000
IK0583, 0.0219 ,100%,40000000
IK0584, 0.0054 ,100%,40000000
IK0585, 0.0070 ,100%,40000000
IK0586, 0.0047 ,100%,40000000
IK0587, 0.0041 ,100%,40000000
IK0588, 0.0036 ,100%,40000000
IK0589, 0.0051 ,100%,40000000
IK0590, 0.0039 ,100%,40000000
IK0591, 0.0045 ,100%,40000000
IK0592, 0.0048 ,100%,40000000
IK0593, 0.0049 ,100%,40000000
IK0594, 0.0049 ,100%,40000000
IK0595, 0.0040 ,100%,40000000
IK0596, 0.1134 ,100%,40000000
IK0597, 0.0205 ,100%,40000000
IK0598, 0.0081 ,100%,40000000
IK0599, 0.0261 ,100%,40000000
IK0600, 0.0110 ,100%,40000000
IK0601, 0.0046 ,100%,40000000
IK0602, 0.0059 ,100%,40000000
IK0603, 0.0046 ,100%,40000000
IK0604, 0.0034 ,100%,40000000
IK0605, 0.0023 ,100%,40000000
IK0606, 0.0065 ,100%,40000000
IK0607, 0.0124 ,100%,40000000
IK0608, 0.0049 ,100%,40000000
IK0609, 0.0027 ,100%,40000000
IK0610, 0.0027 ,100%,40000000
IK0611, 0.0048 ,100%,40000000
IK0612, 0.0077 ,100%,40000000
IK0613, 0.0070 ,100%,40000000
IK0614, 0.0105 ,100%,40000000
IK0615, 0.0080 ,100%,40000000
IK0616, 0.0085 ,100%,40000000
IK0617, 0.0063 ,100%,40000000
IK0618, 0.0067 ,100%,40000000
IK0619, 0.0048 ,100%,40000000
IK0620, 0.0073 ,100%,40000000
IK0621, 0.0088 ,100%,40000000
IK0622, 0.0058 ,100%,40000000
IK0623, 0.0022 ,100%,40000000
IK0624, 0.0039 ,100%,40000000
IK0625, 0.0034 ,100%,40000000
IK0626, 0.0058 ,100%,40000000
IK0627, 0.0091 ,100%,40000000
IK0628, 0.0060 ,100%,40000000
IK0629, 0.0049 ,100%,40000000
IK0630, 0.0149 ,100%,40000000
IK0631, 0.0038 ,100%,40000000
IK0632, 0.0024 ,100%,40000000
IK0633, 0.0028 ,100%,40000000
IK0634, 0.0038 ,100%,40000000
IK0635, 0.0019 ,100%,40000000
IK0636, 0.0036 ,100%,40000000
IK0637, 0.0036 ,100%,40000000
IK0638, 0.0049 ,100%,40000000
IK0639, 0.0063 ,100%,40000000
IK0640, 0.0068 ,100%,40000000
IK0641, 0.0035 ,100%,40000000
IK0642, 0.0038 ,100%,40000000
IK0643, 0.0032 ,100%,40000000
IK0644, 0.0044 ,100%,40000000
IK0645, 0.0045 ,100%,40000000
IK0646, 0.0088 ,100%,40000000
IK0647, 0.0050 ,100%,40000000
IK0648, 0.0058 ,100%,40000000
IK0649, 0.0021 ,100%,40000000
IK0650, 0.0021 ,100%,40000000
IK0651, 0.0023 ,100%,40000000
IK0652, 0.0040 ,100%,40000000
IK0653, 0.0073 ,100%,40000000
IK0654, 0.0052 ,100%,40000000
IK0655, 0.0047 ,100%,40000000
IK0656, 0.0021 ,100%,40000000
IK0657, 0.0019 ,100%,40000000
IK0658, 0.0015 ,100%,40000000
IK0659, 0.0048 ,100%,40000000
IK0660, 0.0033 ,100%,40000000
IK0661, 0.0056 ,100%,40000000
IK0662, 0.0027 ,100%,40000000
IK0663, 0.0018 ,100%,40000000
IK0664, 0.0020 ,100%,40000000
IK0665, 0.0021 ,100%,40000000
IK0666, 0.0035 ,100%,40000000
IK0667, 0.0079 ,100%,40000000
IK0668, 0.0118 ,100%,40000000
IK0669, 0.0097 ,100%,40000000
IK0670, 0.0159 ,100%,40000000
IK0671, 0.0048 ,100%,40000000
IK0672, 0.0054 ,100%,40000000
IK0673, 0.0064 ,100%,40000000
IK0674, 0.0042 ,100%,40000000
IK0675, 0.0059 ,100%,40000000
IK0676, 0.0061 ,100%,40000000
IK0677, 0.0060 ,100%,40000000
IK0678, 0.0159 ,100%,40000000
IK0679, 0.0029 ,100%,40000000
IK0680, 0.0048 ,100%,40000000
IK0681, 0.0023 ,100%,40000000
IK0682, 0.0034 ,100%,40000000
IK0683, 0.0038 ,100%,40000000
IK0684, 0.0059 ,100%,40000000
IK0685, 0.0031 ,100%,40000000
IK0686, 0.0052 ,100%,40000000
IK0687, 0.0057 ,100%,40000000
IK0688, 0.0076 ,100%,40000000
IK0689, 0.0058 ,100%,40000000
IK0690, 0.0025 ,100%,40000000
IK0691, 0.0046 ,100%,40000000
IK0692, 0.0168 ,100%,40000000
IK0693, 0.0046 ,100%,40000000
IK0694, 0.0051 ,100%,40000000
IK0695, 0.0040 ,100%,40000000
IK0696, 0.0034 ,100%,40000000
IK0697, 0.0052 ,100%,40000000
IK0698, 0.0107 ,100%,40000000
IK0699, 0.0043 ,100%,40000000
IK0700, 0.0015 ,100%,40000000
IK0701, 0.0029 ,100%,40000000
IK0702, 0.0056 ,100%,40000000
IK0703, 0.0031 ,100%,40000000
IK0704, 0.0055 ,100%,40000000
IK0705, 0.0014 ,100%,40000000
IK0706, 0.0020 ,100%,40000000
IK0707, 0.0034 ,100%,40000000
IK0708, 0.0021 ,100%,40000000
IK0709, 0.0031 ,100%,40000000
IK0710, 0.0038 ,100%,40000000
IK0711, 0.0039 ,100%,40000000
IK0712, 0.0092 ,100%,40000000
IK0713, 0.0068 ,100%,40000000
IK0714, 0.0056 ,100%,40000000
IK0714-1, 0.0069 ,100%,40000000
IK0714-2, 0.0021 ,100%,40000000
IK0714-3, 0.0100 ,100%,40000000
IK0714-4, 0.0046 ,100%,40000000
IK0714-5, 0.0056 ,100%,40000000
IK0714-6, 0.0096 ,100%,40000000
IK0714-7, 0.0040 ,100%,40000000
IK0714-9, 0.0214 ,100%,40000000
IK0714-10, 0.0102 ,100%,40000000
IK0714-11, 0.0038 ,100%,40000000
IK0714-12, 0.0051 ,100%,40000000
IK0715, 0.0134 ,100%,40000000
IK0716, 0.0044 ,,
IK0716-1, 0.0030 ,,
IK0716-2, 0.0027 ,,
IK0716-3, 0.0096 ,,
IK0716-4, 0.0070 ,,
IK0716-5, 0.0132 ,,
IK0716-6, 0.0102 ,100%,40000000
IK0717, 0.1171 ,100%,40000000
IK0718, 0.0193 ,100%,40000000
IK0719, 0.0098 ,100%,40000000
IK0720, 0.0048 ,100%,40000000
IK0721, 0.0050 ,100%,40000000
IK0722, 0.0081 ,100%,40000000
IK0723, 0.0058 ,100%,40000000
IK0724, 0.0050 ,100%,40000000
IK0725, 0.0077 ,100%,40000000
IK0726, 0.0055 ,100%,40000000
IK0727, 0.0048 ,100%,40000000
IK0728, 0.0086 ,100%,40000000
IK0729, 0.0075 ,100%,40000000
IK0730, 0.0041 ,100%,40000000
IK0731, 0.0037 ,100%,40000000
IK0732, 0.0044 ,100%,40000000
IK0733, 0.0079 ,100%,40000000
IK0734, 0.0074 ,100%,40000000
IK0735, 0.0050 ,100%,40000000
IK0736, 0.0040 ,100%,40000000
IK0737, 0.0050 ,100%,40000000
IK0738, 0.0050 ,100%,40000000
IK0739, 0.0083 ,100%,40000000
IK0740, 0.0068 ,100%,40000000
IK0741, 0.0037 ,100%,40000000
IK0742, 0.0051 ,100%,40000000
IK0743, 0.0065 ,100%,40000000
IK0744, 0.0043 ,100%,40000000
IK0745, 0.0048 ,100%,40000000
IK0746, 0.0464 ,100%,40000000
IK0747, 0.0052 ,100%,40000000
IK0748, 0.0036 ,100%,40000000
IK0749, 0.0053 ,100%,40000000
IK0750, 0.0069 ,100%,40000000
IK0751, 0.0073 ,100%,40000000
IK0752, 0.0057 ,100%,40000000
IK0753, 0.0053 ,100%,40000000
IK0754, 0.0204 ,100%,40000000
IK0755, 0.0074 ,100%,40000000
IK0756, 0.0051 ,100%,40000000
IK0757, 0.0059 ,100%,40000000
IK0758, 0.0082 ,100%,40000000
IK0759, 0.0269 ,100%,40000000
IK0760, 0.0175 ,100%,40000000
IK0761, 0.0079 ,100%,40000000
IK0762, 0.0037 ,100%,40000000
IK0763, 0.0043 ,100%,40000000
IK0764, 0.0028 ,100%,40000000
IK0765, 0.0073 ,100%,40000000
IK0766, 0.0095 ,100%,40000000
IK0767, 0.0028 ,100%,40000000
IK0768, 0.0148 ,100%,40000000
IK0769, 0.0049 ,100%,40000000
IK0770, 0.0044 ,100%,40000000
IK0771, 0.0047 ,100%,40000000
IK0772, 0.0059 ,100%,40000000
IK0773, 0.0245 ,100%,40000000
IK0774, 0.0058 ,100%,40000000
IK0775, 0.0086 ,100%,40000000
IK0776, 0.0038 ,100%,40000000
IK0777, 0.0080 ,100%,40000000
IK0777-1, 0.0040 ,100%,40000000
IK0778, 0.0063 ,100%,40000000
IK0779, 0.0050 ,100%,40000000
IK0780, 0.0050 ,100%,40000000
IK0781, 0.0036 ,100%,40000000
IK0782, 0.0054 ,100%,40000000
IK0783, 0.0027 ,100%,40000000
IK0784, 0.0021 ,100%,40000000
IK0785, 0.0244 ,100%,40000000
IK0786, 0.1252 ,100%,40000000
IK0787, 0.0068 ,100%,40000000
IK0788, 0.0068 ,100%,40000000
IK0789, 0.0098 ,100%,40000000
IK0790, 0.0067 ,100%,40000000
IK0791, 0.0028 ,100%,40000000
IK0792, 0.0041 ,100%,40000000
IK0793, 0.0202 ,100%,40000000
IK0794, 0.0099 ,100%,40000000
IK0795, 0.0071 ,100%,40000000
IK0796, 0.0041 ,100%,40000000
IK0797, 0.0098 ,100%,40000000
IK0798, 0.0081 ,100%,40000000
IK0799, 0.0114 ,100%,40000000
IK0800, 0.0172 ,100%,40000000
IK0801, 0.0049 ,100%,40000000
IK0802, 0.0084 ,100%,40000000
IK0803, 0.0149 ,100%,40000000
IK0804, 0.0084 ,100%,40000000
IK0805, 0.0054 ,100%,40000000
IK0806, 0.0030 ,100%,40000000
IK0807, 0.0056 ,100%,40000000
IK0808, 0.0057 ,100%,40000000
IK0809, 0.0086 ,100%,40000000
IK0810, 0.0135 ,100%,40000000
IK0811, 0.0027 ,100%,40000000
IK0812, 0.0045 ,100%,40000000
IK0813, 0.0118 ,100%,40000000
IK0814, 0.2272 ,100%,40000000
IK0815, 0.0654 ,100%,40000000
IK0816, 0.0511 ,100%,40000000
IK0817, 0.0487 ,100%,40000000
IK0818, 0.0541 ,100%,40000000
IK0819, 0.0223 ,100%,40000000
IK0820, 0.0047 ,100%,40000000
IK0821, 0.0078 ,100%,40000000
IK0822, 0.0094 ,100%,40000000
IK0823, 0.0247 ,100%,40000000
IK0824, 0.0241 ,100%,40000000
IK0825, 0.0226 ,100%,40000000
IK0826, 0.0686 ,100%,40000000
IK0827, 0.0576 ,100%,40000000
IK0828, 0.0163 ,100%,40000000
IK0829, 0.0140 ,100%,40000000
IK0830, 0.0099 ,100%,40000000
IK0831, 0.0228 ,100%,40000000
IK0832, 0.0134 ,100%,40000000
IK0833, -   ,100%,40000000
IK0834, 0.0019 ,100%,40000000
IK0835, 0.0019 ,100%,40000000
IK0836, 0.0014 ,100%,40000000
IK0837, 0.0024 ,100%,40000000
IK0838, 0.0033 ,100%,40000000
IK0839, 0.0025 ,100%,40000000
IK0840, 0.0015 ,100%,40000000
IK0841, 0.0041 ,100%,40000000
IK0842, 0.0413 ,100%,40000000
IK0843, 0.0101 ,100%,40000000
IK0844, 0.0074 ,100%,40000000
IK0845, 0.0083 ,100%,40000000
IK0846, 0.0128 ,100%,40000000
IK0847, 0.0112 ,100%,40000000
IK0848, 0.0103 ,100%,40000000
IK0849, 0.0101 ,100%,40000000
IK0850, 0.0072 ,100%,40000000
IK0851, 0.0065 ,100%,40000000
IK0852, 0.0051 ,100%,40000000
IK0853, 0.0100 ,100%,40000000
IK0854, 0.0039 ,100%,40000000
IK0855, 0.0035 ,100%,40000000
IK0856, 0.0240 ,100%,40000000
IK0857, 0.0408 ,100%,40000000
IK0858, 0.0077 ,100%,40000000
IK0859, 0.0100 ,100%,40000000
IK0860, 0.0105 ,100%,40000000
IK0861, 0.0072 ,100%,40000000
IK0862, 0.0173 ,100%,40000000
IK0863, 0.0028 ,100%,40000000
IK0864, 0.0020 ,100%,40000000
IK0865, 0.0093 ,100%,40000000
IK0866, 0.0042 ,100%,40000000
IK0867, 0.0015 ,100%,40000000
IK0876, 0.3446 ,100%,40000000
IK0877, 0.0099 ,100%,40000000
IK0878, 0.0100 ,100%,40000000
IK0879, 0.0160 ,100%,40000000
IK0880, 0.0500 ,100%,40000000
IK0881, 0.0846 ,100%,40000000
IK0882, 0.0227 ,100%,40000000
IK0883, 0.0178 ,100%,40000000
IK0884, 0.0329 ,100%,12000000
IK0885, 0.0062 ,100%,12000000
IK0886, 0.0248 ,100%,12000000
IK0887, 0.0055 ,100%,12000000
IK0888, 0.0041 ,100%,12000000
IK0889, 0.0050 ,100%,12000000
IK0890, 0.0113 ,100%,12000000
IK0891, 0.0172 ,100%,12000000
IK0892, 0.0073 ,100%,12000000
IK0893, 0.0183 ,100%,12000000
IK0894, 0.0124 ,100%,12000000
IK0895, 0.0106 ,100%,12000000
IK0896, 0.0038 ,100%,12000000
IK0897, 0.0061 ,100%,12000000
IK0898, 0.0195 ,100%,12000000
IK0899, 0.0041 ,100%,12000000
IK0900, 0.0036 ,100%,12000000
IK0901, 0.0444 ,100%,12000000
IK0902, 0.0374 ,100%,12000000
IK0903, 0.0083 ,100%,12000000
IK0904, 0.0243 ,100%,12000000
IK0905, 0.0214 ,100%,12000000
IK0906, 0.0427 ,100%,12000000
IK0907, 0.0396 ,100%,12000000
IK0908, 0.0083 ,100%,12000000
IK0909, 0.0332 ,100%,12000000
IK0910, 0.0220 ,100%,12000000
IK0911, 0.0419 ,100%,12000000
IK0912, 0.0140 ,100%,12000000
IK0913, 0.0181 ,100%,12000000
IK0914, 0.0116 ,100%,12000000
IK0915, 0.0082 ,100%,12000000
IK0916, 0.0139 ,100%,12000000
IK0917, 0.0041 ,100%,12000000
IK0918, 0.0068 ,100%,12000000
IK0919, 0.0062 ,100%,12000000
IK0920, 0.0056 ,100%,12000000
IK0921, 0.0077 ,100%,12000000
IK0922, 0.0093 ,100%,12000000
IK0923, 0.0177 ,100%,12000000
IK0924, 0.0137 ,100%,12000000
IK0925, 0.0171 ,100%,12000000
IK0926, 0.0053 ,100%,12000000
IK0927, 0.1170 ,100%,12000000
IK0928, 0.0082 ,100%,12000000
IK0929, 0.0635 ,100%,12000000
IK0930, 0.0337 ,100%,24000000
IK0931, 0.1122 ,100%,24000000
IK0932, 0.0186 ,100%,24000000
IK0933, 0.0803 ,100%,24000000
IK0934, 0.0114 ,100%,24000000
IK0935, 0.0045 ,100%,24000000
IK0936, 0.0113 ,100%,24000000
IK0937, 0.0078 ,100%,24000000
IK0938, 0.0143 ,100%,24000000
IK0939, 0.0058 ,100%,24000000
IK0940, 0.0226 ,100%,24000000
IK0941, 0.0135 ,100%,24000000
IK0942, 0.0099 ,100%,24000000
IK0943, 0.0097 ,100%,24000000
IK0944, 0.0087 ,100%,24000000
IK0945, 0.0054 ,100%,24000000
IK0946, 0.0056 ,100%,24000000
IK0947, 0.0038 ,100%,24000000
IK0948, 0.0032 ,100%,24000000
IK0949, 0.0116 ,100%,24000000
IK0950, 0.0061 ,100%,24000000
IK0951, 0.0068 ,100%,24000000
IK0951-1, 0.0040 ,100%,24000000
IK0952, 0.0046 ,100%,24000000
IK0953, 0.0022 ,100%,24000000
IK0954, 0.0064 ,100%,24000000
IK0955, 0.0060 ,100%,24000000
IK0956, 0.0041 ,100%,24000000
IK0957, 0.0096 ,100%,24000000
IK0958, 0.0058 ,100%,24000000
IK0959, 0.0044 ,100%,24000000
IK0960, 0.0069 ,100%,24000000
IK0961, 0.0057 ,100%,24000000
IK0962, 0.0068 ,100%,24000000
IK0963, 0.0044 ,100%,24000000
IK0964, 0.0091 ,100%,24000000
IK0965, 0.0211 ,100%,24000000
IK0966, 0.0251 ,100%,24000000
IK0967, 0.0119 ,100%,24000000
IK0968, 0.0042 ,100%,24000000
IK0969, 0.0081 ,100%,24000000
IK0970, 0.0133 ,100%,24000000
IK0971, 0.0414 ,100%,24000000
IK0973, 0.0215 ,100%,24000000
IK0974, 0.0178 ,100%,24000000
IK0975, 0.0023 ,100%,24000000
IK0976, 0.0019 ,100%,24000000
IK0977, 0.0035 ,100%,24000000
IK0978, 0.0033 ,100%,24000000
IK0979, 0.0031 ,100%,24000000
IK0980, 0.0024 ,100%,24000000
IK0981, 0.0085 ,100%,24000000
IK0982, 0.0131 ,100%,24000000
IK0983, 0.0471 ,100%,24000000
IK0984, 0.0077 ,100%,24000000
IK0985, 0.0062 ,100%,24000000
IK0986, 0.0142 ,100%,24000000
IK0987, 0.0062 ,100%,24000000
IK0988, 0.0035 ,100%,24000000
IK0989, 0.0352 ,100%,24000000
IK0990, 0.0035 ,100%,24000000
IK0991, 0.0029 ,100%,24000000
IK0992, 0.0055 ,100%,24000000
IK0993, 0.0184 ,100%,24000000
IK0994, 0.0185 ,100%,24000000
IK0995, 0.0129 ,100%,24000000
IK0996, 0.0572 ,100%,24000000
IK0997, 0.0732 ,100%,24000000
IK0998, 0.0346 ,100%,24000000
IK0999, 0.0189 ,100%,24000000
IK1000, 0.0149 ,100%,24000000
IK1001, 0.0509 ,100%,24000000
IK1002, 0.0141 ,100%,24000000
IK1003, 0.0248 ,100%,24000000
IK1004, 0.0784 ,100%,24000000
IK1005, 0.0645 ,100%,24000000
IK1006, 0.1059 ,100%,24000000
IK1007, 0.0229 ,100%,24000000
IK1008, 0.0075 ,100%,24000000
IK1009, 0.0046 ,100%,24000000
IK1010, 0.0056 ,100%,24000000
IK1011, 0.0035 ,100%,24000000
IK1012, 0.0044 ,100%,24000000
IK1013, 0.0838 ,100%,24000000
IK1014, 0.0205 ,100%,24000000
IK1015, 0.0361 ,100%,24000000
IK1016, 0.0118 ,100%,24000000
IK1017, 0.0045 ,100%,24000000
IK1018, 0.0400 ,100%,24000000
IK1019, 0.1605 ,100%,24000000
IK1020, 0.0387 ,100%,24000000
IK1021, 0.0278 ,100%,24000000
IK1022, 0.0083 ,100%,24000000
IK1023, 0.0075 ,100%,24000000
IK1024, 0.0384 ,100%,24000000
IK1025, 0.0055 ,100%,24000000
IK1026, 0.0141 ,100%,24000000
IK1027, 0.0213 ,100%,24000000
IK1028, 0.0074 ,100%,24000000
IK1029, 0.0087 ,100%,24000000
IK1030, 0.0039 ,100%,24000000
IK1031, 0.0401 ,100%,24000000
IK1032, 0.0508 ,100%,24000000
IK1033, 0.0048 ,100%,24000000
IK1034, 0.1007 ,100%,24000000
IK1035, 0.0057 ,100%,24000000
IK1036, 0.0044 ,100%,24000000
IK1037, 0.0062 ,100%,24000000
IK1038, 0.0078 ,100%,24000000
IK1039, 0.0060 ,100%,24000000
IK1040, 0.0021 ,100%,24000000
IK1041, 0.0054 ,100%,24000000
IK1042, 0.0030 ,100%,24000000
IK1043, 0.0104 ,100%,24000000
IK1044, 0.0048 ,100%,24000000
IK1045, 0.0045 ,100%,24000000
IK1047, 0.0241 ,100%,24000000
IK1048, 0.0234 ,100%,24000000
IK1049, 0.0082 ,100%,24000000
IK1050, 0.0078 ,100%,24000000
IK1051, 0.0045 ,100%,24000000
IK1052, 0.0070 ,100%,24000000
IK1053, 0.0057 ,100%,24000000
IK1054, 0.0045 ,100%,24000000
IK1055, 0.0056 ,100%,24000000
IK1056, 0.0021 ,100%,24000000
IK1057, 0.0025 ,100%,24000000
IK1058, 0.0065 ,100%,24000000
IK1059, 0.0027 ,100%,24000000
IK1060, 0.0078 ,100%,24000000
IK1061, 0.0036 ,100%,24000000
IK1062, 0.0035 ,100%,24000000
IK1063, 0.0040 ,100%,24000000
IK1064, 0.0083 ,100%,24000000
IK1065, 0.0124 ,100%,24000000
IK1066, 0.0047 ,100%,24000000
IK1067, 0.0065 ,100%,24000000
IK1068, 0.0029 ,100%,24000000
IK1069, 0.0065 ,100%,24000000
IK1070, 0.0237 ,100%,24000000
IK1071, 0.0037 ,100%,24000000
IK1072, 0.0036 ,100%,24000000
IK1073, 0.0041 ,100%,24000000
IK1074, 0.0118 ,100%,24000000
IK1075, 0.0056 ,100%,24000000
IK1076, 0.0034 ,100%,24000000
IK1077, 0.0074 ,100%,24000000
IK1078, 0.0024 ,100%,24000000
IK1079, 0.0033 ,100%,24000000
IK1080, 0.0046 ,100%,24000000
IK1081, 0.0038 ,100%,24000000
IK1082, 0.0017 ,100%,24000000
IK1083, 0.0080 ,100%,24000000
IK1084, 0.0052 ,100%,24000000
IK1085, 0.0057 ,100%,24000000
IK1085-1, 0.0040 ,100%,24000000
IK1086, 0.0058 ,100%,24000000
IK1087, 0.0039 ,100%,24000000
IK1088, 0.0140 ,100%,24000000
IK1089, 0.0053 ,100%,24000000
IK1090, 0.0074 ,100%,24000000
IK1091, 0.0072 ,100%,24000000
IK1092, 0.0072 ,100%,24000000
IK1093, 0.0115 ,100%,24000000
IK1094, 0.0157 ,100%,24000000
IK1095, 0.0155 ,100%,24000000
IK1096, 0.0081 ,100%,24000000
IK1097, 0.0101 ,100%,24000000
IK1098, 0.0242 ,100%,24000000
IK1099, 0.0074 ,100%,24000000
IK1100, 0.0205 ,100%,24000000
IK1101, 0.0055 ,100%,24000000
IK1102, 0.0141 ,100%,24000000
IK1103, 0.0036 ,100%,24000000
IK1104, 0.0047 ,100%,24000000
IK1105, 0.0048 ,100%,24000000
IK1106, 0.0051 ,100%,24000000
IK1107, 0.0336 ,100%,24000000
IK1108, 0.0080 ,100%,24000000
IK1109, 0.0040 ,100%,24000000
IK1110, 0.0046 ,100%,24000000
IK1111, 0.0175 ,100%,24000000
IK1112, 0.0088 ,100%,24000000
IK1113, 0.0134 ,100%,24000000
IK1114, 0.0055 ,100%,24000000
IK1115, 0.0260 ,100%,24000000
IK1116, 0.0129 ,100%,24000000
IK1117, 0.0289 ,100%,24000000
IK1118, 0.0072 ,100%,24000000
IK1119, 0.0134 ,100%,24000000
IK1120, 0.0043 ,100%,24000000
IK1121, 0.0037 ,100%,24000000
IK1122, 0.0118 ,100%,24000000
IK1123, 0.0045 ,100%,24000000
IK1124, 0.0054 ,100%,24000000
IK1125, 0.0037 ,100%,24000000
IK1126, 0.0034 ,100%,24000000
IK1127, 0.0051 ,100%,24000000
IK1128, 0.0034 ,100%,24000000
IK1129, 0.0031 ,100%,24000000
IK1130, 0.0074 ,100%,24000000
IK1131, 0.0392 ,100%,24000000
IK1132, 0.0070 ,100%,24000000
IK1133, 0.0055 ,100%,24000000
IK1134, 0.0087 ,100%,24000000
IK1135, 0.0062 ,100%,24000000
IK1136, 0.0096 ,100%,24000000
IK1137, 0.0109 ,100%,24000000
IK1138, 0.0049 ,100%,24000000
IK1139, 0.0062 ,100%,24000000
IK1140, 0.0157 ,100%,24000000
IK1141, 0.0111 ,100%,24000000
IK1142, 0.0079 ,100%,24000000
IK1143, 0.0082 ,100%,24000000
IK1144, 0.0048 ,100%,24000000
IK1145, 0.0063 ,100%,24000000
IK1146, 0.0053 ,100%,24000000
IK1147, 0.0102 ,100%,24000000
IK1148, 0.0055 ,100%,24000000
IK1149, 0.0067 ,100%,24000000
IK1150, 0.0056 ,100%,24000000
IK1151, 0.0068 ,100%,24000000
IK1152, 0.0053 ,100%,24000000
IK1153, 0.0057 ,100%,24000000
IK1154, 0.0049 ,100%,24000000
IK1155, 0.0041 ,100%,24000000
IK1156, 0.0047 ,100%,24000000
IK1157, 0.0073 ,100%,24000000
IK1158, 0.0058 ,100%,24000000
IK1159, 0.0028 ,100%,24000000
IK1160, 0.0053 ,100%,24000000
IK1160-1, 0.0025 ,100%,24000000
IK1161, 0.0033 ,100%,24000000
IK1162, 0.0077 ,100%,24000000
IK1163, 0.0063 ,100%,24000000
IK1164, 0.0122 ,100%,24000000
IK1165, 0.0038 ,100%,24000000
IK1166, 0.0068 ,100%,24000000
IK1167, 0.0040 ,100%,24000000
IK1168, 0.0073 ,100%,24000000
IK1169, 0.0047 ,100%,24000000
IK1170, 0.0061 ,100%,24000000
IK1171, 0.0061 ,100%,24000000
IK1172, 0.0043 ,100%,24000000
IK1173, 0.0073 ,100%,24000000
IK1174, 0.0050 ,100%,24000000
IK1175, 0.0036 ,100%,24000000
IK1176, 0.0036 ,100%,24000000
IK1177, 0.0027 ,100%,24000000
IK1178, 0.0067 ,100%,24000000
IK1178-1, 0.0035 ,100%,24000000
IK1179, 2.0102 ,100%,24000000
IK1180, 0.0039 ,100%,24000000
IK1181, 0.0077 ,100%,24000000
IK1182, 0.0050 ,100%,24000000
IK1183, 0.0044 ,100%,24000000
IK1184, 0.0104 ,100%,24000000
IK1185, 0.0026 ,100%,24000000
IK1186, 0.0152 ,100%,24000000
IK1188, 0.0075 ,100%,24000000
IK1189, 0.0159 ,100%,24000000
IK1190, 0.0127 ,100%,24000000
IK1191, 0.0076 ,100%,24000000
IK1192, 0.0048 ,100%,24000000
IK1193, 0.0054 ,100%,24000000
IK1194, 0.0173 ,100%,24000000
IK1195, 0.0099 ,100%,24000000
IK1196, 0.0136 ,100%,24000000
IK1197, 0.0162 ,100%,24000000
IK1198, 0.0178 ,100%,24000000
IK1199, 0.0174 ,100%,24000000
IK1200, 0.0354 ,100%,24000000
IK1201, 0.0106 ,100%,24000000
IK1202, 0.0172 ,100%,24000000
IK1203, 0.0048 ,100%,24000000
IK1204, 0.0087 ,100%,24000000
IK1205, 0.0049 ,100%,24000000
IK1206, 0.0033 ,100%,24000000
IK1207, 0.0102 ,100%,24000000
IK1208, 0.0246 ,100%,24000000
IK1209, 0.2266 ,100%,24000000
IK1210, 0.0636 ,100%,24000000
IK1211, 0.0357 ,100%,24000000
IK1212, 0.0074 ,100%,24000000
IK1213, 0.0042 ,100%,24000000
IK1214, 0.0033 ,100%,24000000
IK1215, 0.0228 ,100%,24000000
IK1216, 0.0082 ,100%,24000000
IK1217, 0.0050 ,100%,24000000
IK1218, 0.0063 ,100%,24000000
IK1219, 0.0030 ,100%,24000000
IK1220, 0.0022 ,100%,24000000
IK1221, 0.0066 ,100%,24000000
IK1222, 0.0038 ,100%,24000000
IK1223, 0.0042 ,100%,24000000
IK1224, 0.0034 ,100%,24000000
IK1225, 0.0035 ,100%,24000000
IK1226, 0.0044 ,100%,24000000
IK1227, 0.0080 ,100%,24000000
IK1228, 0.0053 ,100%,24000000
IK1229, 0.0034 ,100%,24000000
IK1230, 0.0035 ,100%,24000000
IK1231, 0.0075 ,100%,24000000
IK1232, 0.0077 ,100%,24000000
IK1233, 0.0037 ,100%,24000000
IK1234, 0.0090 ,100%,24000000
IK1235, 0.0039 ,100%,24000000
IK1236, 0.0042 ,100%,24000000
IK1237, 0.0035 ,100%,24000000
IK1238, 0.0048 ,100%,24000000
IK1239, 0.0186 ,100%,24000000
IK1240, 0.0051 ,100%,24000000
IK1241, 0.0084 ,100%,24000000
IK1242, 0.0096 ,100%,24000000
IK1243, 0.0050 ,100%,24000000
IK1244, 0.0033 ,100%,24000000
IK1245, 0.0060 ,100%,24000000
IK1246, 0.0050 ,100%,24000000
IK1247, 0.0045 ,100%,24000000
IK1248, 0.0342 ,100%,24000000
IK1249, 0.2127 ,100%,24000000
IK1250, 0.0280 ,100%,24000000
IK1251, 0.0114 ,100%,56000000
IK1252, 0.0294 ,100%,56000000
IK1253, 0.0604 ,100%,56000000
IK1254, 0.0066 ,100%,56000000
IK1255, 0.0287 ,100%,56000000
IK1256, 0.0136 ,100%,56000000
IK1257, 0.0283 ,100%,56000000
IK1258, 0.0083 ,100%,56000000
IK1259, 0.0423 ,100%,56000000
IK1260, 0.0445 ,100%,56000000
IK1261, 0.0082 ,100%,56000000
IK1262, 0.0049 ,100%,56000000
IK1263, 0.0080 ,100%,56000000
IK1264, 0.0164 ,100%,56000000
IK1265, 0.0277 ,100%,56000000
IK1266, 0.0052 ,100%,56000000
IK1267, 0.0042 ,100%,56000000
IK1268, 0.0071 ,100%,56000000
IK1269, 0.0141 ,100%,56000000
IK1270, 0.0070 ,100%,56000000
IK1272, 0.0562 ,100%,56000000
IK1273, 0.0229 ,100%,56000000
IK1274, 0.0650 ,100%,56000000
IK1275, 0.0140 ,100%,56000000
IK1276, 0.0061 ,100%,56000000
IK1277, 0.0063 ,100%,56000000
IK1278, 0.0073 ,100%,56000000
IK1279, 0.0283 ,100%,56000000
IK1280, 0.0186 ,100%,56000000
IK1281, 0.0098 ,100%,56000000
IK1282, 0.0045 ,100%,56000000
IK1283, 0.0071 ,100%,56000000
IK1284, 0.0103 ,100%,56000000
IK1285, 0.0220 ,100%,56000000
IK1286, 0.0193 ,100%,56000000
IK1287, 0.0124 ,100%,56000000
IK1288, 0.0067 ,100%,56000000
IK1289, 0.0246 ,100%,56000000
IK1290, 0.0078 ,100%,56000000
IK1291, 0.0073 ,100%,56000000
IK1292, 0.0162 ,100%,56000000
IK1293, 0.0096 ,100%,56000000
IK1294, 0.0070 ,100%,56000000
IK1295, 0.0066 ,100%,56000000
IK1296, 0.0078 ,100%,56000000
IK1297, 0.0149 ,100%,56000000
IK1298, 0.0075 ,100%,56000000
IK1299, 0.0033 ,100%,56000000
IK1300, 0.0044 ,100%,56000000
IK1301, 0.0072 ,100%,56000000
IK1302, 0.0078 ,100%,56000000
IK1303, 0.0076 ,100%,56000000
IK1304, 0.0072 ,100%,56000000
IK1305, 0.0102 ,100%,56000000
IK1306, 0.0074 ,100%,56000000
IK1307, 0.0082 ,100%,56000000
IK1308, 0.0066 ,100%,56000000
IK1309, 0.0278 ,100%,56000000
IK1310, 0.0098 ,100%,56000000
IK1311, 0.0174 ,100%,56000000
IK1312, 0.0062 ,100%,56000000
IK1313, 0.0134 ,100%,56000000
IK1314, 0.0105 ,100%,56000000
IK1315, 0.0078 ,100%,56000000
IK1316, 0.0070 ,100%,56000000
IK1317, 0.0074 ,100%,56000000
IK1318, 0.0227 ,100%,56000000
IK1319, 0.0282 ,100%,56000000
IK1320, 0.0309 ,100%,56000000
IK1321, 0.0083 ,100%,56000000
IK1322, 0.0104 ,100%,56000000
IK1323, 0.0124 ,100%,56000000
IK1324, 0.0210 ,100%,56000000
IK1325, 0.0368 ,100%,56000000
IK1326, 0.0190 ,100%,56000000
IK1327, 0.0225 ,100%,56000000
IK1328, 0.0223 ,100%,56000000
IK1329, 0.0163 ,100%,56000000
IK1330, 0.0090 ,100%,56000000
IK1331, 0.0100 ,100%,56000000
IK1332, 0.0060 ,100%,56000000
IK1333, 0.0049 ,100%,56000000
IK1334, 0.0087 ,100%,56000000
IK1335, 0.0017 ,100%,56000000
IK1337, 0.0916 ,100%,56000000
IK1338, 0.0656 ,100%,56000000
IK1339, 0.0380 ,100%,56000000
IK1340, 0.0076 ,100%,56000000
IK1341, 0.0076 ,100%,56000000
IK1342, 0.0235 ,100%,56000000
IK1343, 0.0086 ,100%,56000000
IK1344, 0.0171 ,100%,56000000
IK1345, 0.0147 ,100%,56000000
IK1346, 0.0077 ,100%,56000000
IK1347, 0.0069 ,100%,56000000
IK1348, 0.0043 ,100%,56000000
IK1349, 0.0064 ,100%,56000000
IK1350, 0.0100 ,100%,56000000
IK1351, 0.0036 ,100%,56000000
IK1352, 0.0222 ,100%,56000000
IK1353, 0.0031 ,100%,56000000
IK1354, 0.0093 ,100%,56000000
IK1355, 0.0047 ,100%,56000000
IK1356, 0.0052 ,100%,56000000
IK1357, 0.0046 ,100%,56000000
IK1358, 0.0044 ,100%,56000000
IK1359, 0.0073 ,100%,56000000
IK1360, 0.0074 ,100%,56000000
IK1361, 0.0232 ,100%,56000000
IK1362, 0.0169 ,100%,56000000
IK1363, 0.0735 ,100%,56000000
IK1364, 0.0240 ,100%,56000000
IK1365, 0.0315 ,100%,56000000
IK1366, 0.0090 ,100%,56000000
IK1367, 0.0077 ,100%,56000000
IK1368, 0.0089 ,100%,56000000
IK1369, 0.0171 ,100%,56000000
IK1370, 0.0223 ,100%,56000000
IK1371, 0.0078 ,100%,56000000
IK1372, 0.0077 ,100%,56000000
IK1373, 0.0072 ,100%,56000000
IK1374, 0.0081 ,100%,56000000
IK1375, 0.0151 ,100%,56000000
IK1376, 0.0144 ,100%,56000000
IK1377, 0.0137 ,100%,56000000
IK1378, 0.0051 ,100%,56000000
IK1379, 0.0054 ,100%,56000000
IK1380, 0.0048 ,100%,56000000
IK1381, 0.0065 ,100%,56000000
IK1382, 0.0073 ,100%,56000000
IK1383, 0.0386 ,100%,56000000
IK1384, 0.0144 ,100%,56000000
IK1385, 0.0087 ,100%,56000000
IK1386, 0.0082 ,100%,56000000
IK1387, 0.0085 ,100%,56000000
IK1388, 0.0095 ,100%,56000000
IK1389, 0.0579 ,100%,56000000
IK1390, 0.1061 ,100%,56000000
IK1391, 0.0149 ,100%,56000000
IK1392, 0.0087 ,100%,56000000
IK1393, 0.0100 ,100%,56000000
IK1394, 0.0101 ,100%,56000000
IK1395, 0.0243 ,100%,56000000
IK1396, 0.0096 ,100%,56000000
IK1397, 0.0240 ,100%,56000000
IK1398, 0.0137 ,100%,56000000
IK1399, 0.0114 ,100%,56000000
IK1400, 0.0085 ,100%,56000000
IK1401, 0.0312 ,100%,56000000
IK1402, 0.0349 ,100%,56000000
IK1403, 0.0346 ,100%,56000000
IK1404, 0.0709 ,100%,56000000
IK1405, 0.0544 ,100%,56000000
IK1406, 0.0076 ,100%,56000000
IK1407, 0.0227 ,100%,56000000
IK1408, 0.0080 ,100%,56000000
IK1409, 0.0207 ,100%,56000000
IK1410, 0.0050 ,100%,56000000
IK1411, 0.0085 ,100%,56000000
IK1412, 0.0114 ,100%,56000000
IK1413, 0.0065 ,100%,56000000
IK1414, 0.0151 ,100%,56000000
IK1415, 0.0120 ,100%,56000000
IK1416, 0.0713 ,100%,56000000
IK1417, 0.0098 ,100%,56000000
IK1418, 0.0152 ,100%,56000000
IK1419, 0.0281 ,100%,56000000
IK1420, 0.0330 ,100%,56000000
IK1421, 0.0225 ,100%,56000000
IK1422, 0.0231 ,100%,56000000
IK1423, 0.0173 ,100%,56000000
IK1424, 0.0245 ,100%,56000000
IK1425, 0.0192 ,100%,56000000
IK1426, 0.0280 ,100%,56000000
IK1427, 0.0086 ,100%,56000000
IK1428, 0.0080 ,100%,56000000
IK1429, 0.0165 ,100%,56000000
IK1430, 0.0187 ,100%,56000000
IK1431, 0.0256 ,100%,56000000
IK1432, 0.0147 ,100%,56000000
IK1433, 0.0667 ,100%,56000000
IK1434, 0.0226 ,100%,56000000
IK1435, 0.0087 ,100%,56000000
IK1436, 0.0229 ,100%,56000000
IK1437, 0.0428 ,100%,56000000
IK1438, 0.0199 ,100%,56000000
IK1439, 0.0078 ,100%,56000000
IK1440, 0.0074 ,100%,56000000
IK1441, 0.0144 ,100%,56000000
IK1442, 0.0378 ,100%,56000000
IK1443, 0.0250 ,100%,56000000
IK1444, -   ,100%,56000000
IK1445, 0.0080 ,100%,56000000
IK1446, 0.0040 ,100%,56000000
IK1447, 0.0036 ,100%,56000000
IK1448, 0.0151 ,100%,56000000
IK1449, 0.0077 ,100%,56000000
IK1450, 0.0075 ,100%,56000000
IK1451, 0.0073 ,100%,56000000
IK1452, 0.0338 ,100%,56000000
IK1453, 0.0180 ,100%,56000000
IK1454, 0.0071 ,100%,56000000
IK1455, 0.0110 ,100%,56000000
IK1456, 0.0096 ,100%,56000000
IK1457, 0.0052 ,100%,56000000
IK1458, 0.0088 ,100%,56000000
IK1459, 0.0040 ,100%,56000000
IK1460, 0.0289 ,100%,56000000
IK1461, 0.0161 ,100%,56000000
IK1462, 0.0222 ,100%,56000000
IK1463, 0.0082 ,100%,56000000
IK1464, 0.0035 ,100%,56000000
IK1465, 0.0204 ,100%,56000000
IK1466, 0.0068 ,100%,56000000
IK1467, 0.0088 ,100%,56000000
IK1468, 0.0227 ,100%,56000000
IK1469, 0.0095 ,100%,56000000
IK1470, 0.0176 ,100%,56000000
IK1471, 0.0238 ,100%,56000000
IK1472, 0.0075 ,100%,56000000
IK1473, 0.0036 ,100%,56000000
IK1474, 0.0040 ,100%,56000000
IK1475, 0.0081 ,100%,56000000
IK1476, 0.0071 ,100%,56000000
IK1477, 0.0184 ,100%,56000000
IK1478, 0.0038 ,100%,56000000
IK1479, 0.0079 ,100%,56000000
IK1480, 0.0077 ,100%,56000000
IK1481, 0.0075 ,100%,56000000
IK1482, 0.0069 ,100%,56000000
IK1483, 0.0071 ,100%,56000000
IK1484, 0.0134 ,100%,56000000
IK1485, 0.0043 ,100%,56000000
IK1486, 0.0077 ,100%,56000000
IK1487, 0.0072 ,100%,56000000
IK1488, 0.0074 ,100%,56000000
IK1489, 0.0115 ,100%,56000000
IK1490, 0.0041 ,100%,56000000
IK1491, 0.0072 ,100%,56000000
IK1492, 0.0150 ,100%,56000000
IK1493, 0.0077 ,100%,56000000
IK1494, 0.0078 ,100%,56000000
IK1495, 0.0073 ,100%,56000000
IK1496, 0.0076 ,100%,56000000
IK1497, 0.0073 ,100%,56000000
IK1498, 0.0076 ,100%,56000000
IK1499, 0.0120 ,100%,56000000
IK1500, 0.0175 ,100%,56000000
IK1501, 0.0070 ,100%,56000000
IK1502, 0.0213 ,100%,56000000
IK1503, 0.0269 ,100%,56000000
IK1504, 0.0046 ,100%,56000000
IK1505, 0.0046 ,100%,56000000
IK1506, 0.0036 ,100%,56000000
IK1507, 0.0070 ,100%,56000000
IK1508, 0.0076 ,100%,56000000
IK1509, 0.0079 ,100%,56000000
IK1510, 0.0075 ,100%,56000000
IK1511, 0.0075 ,100%,56000000
IK1512, 0.0074 ,100%,56000000
IK1513, 0.0074 ,100%,56000000
IK1514, 0.0080 ,100%,56000000
IK1515, 0.0068 ,100%,56000000
IK1516, 0.0078 ,100%,56000000
IK1517, 0.0112 ,100%,56000000
IK1518, 0.0084 ,100%,56000000
IK1519, 0.0047 ,100%,56000000
IK1520, 0.0039 ,100%,56000000
IK1521, 0.0036 ,100%,56000000
IK1522, 0.0075 ,100%,56000000
IK1523, 0.0078 ,100%,56000000
IK1524, 0.0035 ,100%,56000000
IK1525, 0.0043 ,100%,56000000
IK1526, 0.0081 ,100%,56000000
IK1527, 0.0045 ,100%,56000000
IK1528, 0.0075 ,100%,56000000
IK1529, 0.0076 ,100%,56000000
IK1530, 0.0079 ,100%,56000000
IK1531, 0.0074 ,100%,56000000
IK1532, 0.0073 ,100%,56000000
IK1533, 0.0064 ,100%,56000000
IK1533-1, 0.0170 ,100%,56000000
IK1534, 0.0243 ,100%,56000000
IK1535, 0.0041 ,100%,56000000
IK1536, 0.0021 ,100%,56000000
IK1537, 0.0025 ,100%,56000000
IK1538, 0.0015 ,100%,56000000
IK1539, 0.0016 ,100%,56000000
IK1540, 0.0029 ,100%,56000000
IK1541, 0.0032 ,100%,56000000
IK1542, 0.0013 ,100%,56000000
IK1543, 0.0025 ,100%,56000000
IK1544, 0.0017 ,100%,56000000
IK1545, 0.0014 ,100%,56000000
IK1546, 0.0014 ,100%,56000000
IK1547, 0.0015 ,100%,56000000
IK1548, 0.0016 ,100%,56000000
IK1549, 0.0014 ,100%,56000000
IK1550, 0.0030 ,100%,56000000
IK1551, 0.0017 ,100%,56000000
IK1552, 0.0103 ,100%,56000000
IK1553, 0.0023 ,100%,56000000
IK1554, 0.0031 ,100%,56000000
IK1555, 0.0032 ,100%,56000000
IK1556, 0.0071 ,100%,56000000
IK1557, 0.0023 ,100%,56000000
IK1558, 0.0017 ,100%,56000000
IK1559, 0.0015 ,100%,56000000
IK1560, 0.0014 ,100%,56000000
IK1561, 0.0018 ,100%,56000000
IK1562, 0.0016 ,100%,56000000
IK1563, 0.0018 ,100%,56000000
IK1564, 0.0018 ,100%,56000000
IK1565, 0.0022 ,100%,56000000
IK1566, 0.0045 ,100%,56000000
IK1567, 0.0012 ,100%,56000000
IK1568, 0.0014 ,100%,56000000
IK1569, 0.0028 ,100%,56000000
IK1570, 0.0027 ,100%,56000000
IK1571, 0.0027 ,100%,56000000
IK1572, 0.0017 ,100%,56000000
IK1573, 0.0017 ,100%,56000000
IK1574, 0.0102 ,100%,56000000
IK1575, 0.0033 ,100%,56000000
IK1576, 0.0030 ,100%,56000000
IK1577, 0.0046 ,100%,56000000
IK1578, 0.0056 ,100%,56000000
IK1579, 0.0029 ,100%,56000000
IK1580, 0.0018 ,100%,56000000
IK1581, 0.0016 ,100%,56000000
IK1582, 0.0066 ,100%,56000000
IK1583, 0.0017 ,100%,56000000
IK1584, 0.0015 ,100%,56000000
IK1585, 0.0112 ,100%,56000000
IK1586, 0.0020 ,100%,56000000
IK1587, 0.0015 ,100%,56000000
IK1588, 0.0032 ,100%,56000000
IK1589, 0.0014 ,100%,56000000
IK1590, 0.0012 ,100%,56000000
IK1591, 0.0017 ,100%,56000000
IK1592, 0.0015 ,100%,56000000
IK1593, 0.0014 ,100%,56000000
IK1594, 0.0015 ,100%,56000000
IK1595, 0.0011 ,100%,56000000
IK1596, 0.0016 ,100%,56000000
IK1597, 0.0017 ,100%,56000000
IK1598, 0.0016 ,100%,56000000
IK1599, 0.0034 ,100%,56000000
IK1600, 0.0015 ,100%,56000000
IK1601, 0.0040 ,100%,56000000
IK1602, 0.0285 ,100%,56000000
IK1603, 0.0169 ,100%,56000000
IK1604, -   ,100%,56000000
IK1605, 0.0054 ,100%,56000000
IK1606, 0.0083 ,100%,56000000
IK1607, 0.0091 ,100%,56000000
IK1608, 0.0093 ,100%,56000000
IK1609, 0.0090 ,100%,56000000
IK1610, 0.0042 ,100%,56000000
IK1611, 0.0038 ,100%,56000000
IK1612, 0.0057 ,100%,56000000
IK1613, 0.0092 ,100%,56000000
IK1614, 0.0043 ,100%,56000000
IK1615, 0.0022 ,100%,56000000
IK1616, 0.0027 ,100%,56000000
IK1617, 0.0040 ,100%,48000000
IK1618, 0.0026 ,100%,48000000
IK1619, 0.0023 ,100%,48000000
IK1620, 0.0043 ,100%,48000000
IK1621, 0.0033 ,100%,48000000
IK1622, 0.0688 ,100%,48000000
IK1623, 0.0669 ,100%,48000000
IK1624, 0.0352 ,100%,48000000
IK1625, 0.0137 ,100%,48000000
IK1626, 0.0094 ,100%,48000000
IK1627, 0.0131 ,100%,48000000
IK1628, 0.0121 ,100%,48000000
IK1629, 0.0055 ,100%,48000000
IK1630, 0.0133 ,100%,48000000
IK1631, 0.0141 ,100%,48000000
IK1632, 0.0036 ,100%,48000000
IK1633, 0.0120 ,100%,48000000
IK1634, 0.0220 ,100%,48000000
IK1635, 0.0529 ,100%,48000000
IK1636, 0.0780 ,100%,48000000
IK1637, 0.0523 ,100%,48000000
IK1638, 0.0636 ,100%,48000000
IK1639, 0.0155 ,100%,48000000
IK1640, 0.0072 ,100%,48000000
IK1640-1, 0.0050 ,100%,48000000
IK1641, 0.0080 ,100%,48000000
IK1642, 0.0179 ,100%,48000000
IK1643, 0.1140 ,100%,48000000
